,Timestamp,Value,Interpolation Type,Quality Code,Quality Code Name,Quality Code Description,Quality Code Color,Aggregation Accuracy %,Absolute Value,AV Interpolation Type,AV Quality Code,AV Quality Code Name,AV Quality Code Description,Runoff Value,RV Interpolation Type,RV Quality Code,RV Quality Code Name,RV Quality Code Description,Stagesource Value,Tide Number,Runoff,Water Depth,Occurrance Timestamp,Occurrance Count,Timeseries Comment,Agent Comment,Station Comment,Parameter Comment,Data Comment,Release State,ts_id
0,2025-10-27T09:45:00,4.58,104,111,A_C1_1,Good quality: based on automatic validation - Sensor 1 - 111,"rgba(0, 128, 0, 1.0)",,,,,,,,,,,,,,,,,,,,,,,,98536010
1,2025-10-27T09:50:00,4.58,104,111,A_C1_1,Good quality: based on automatic validation - Sensor 1 - 111,"rgba(0, 128, 0, 1.0)",,,,,,,,,,,,,,,,,,,,,,,,98536010
2,2025-10-27T09:55:00,4.6,104,111,A_C1_1,Good quality: based on automatic validation - Sensor 1 - 111,"rgba(0, 128, 0, 1.0)",,,,,,,,,,,,,,,,,,,,,,,,98536010
3,2025-10-27T10:00:00,4.59,104,111,A_C1_1,Good quality: based on automatic validation - Sensor 1 - 111,"rgba(0, 128, 0, 1.0)",,,,,,,,,,,,,,,,,,,,,,,,98536010
4,2025-10-27T10:05:00,4.59,104,111,A_C1_1,Good quality: based on automatic validation - Sensor 1 - 111,"rgba(0, 128, 0, 1.0)",,,,,,,,,,,,,,,,,,,,,,,,98536010
5,2025-10-27T10:10:00,4.6,104,111,A_C1_1,Good quality: based on automatic validation - Sensor 1 - 111,"rgba(0, 128, 0, 1.0)",,,,,,,,,,,,,,,,,,,,,,,,98536010
6,2025-10-27T10:15:00,4.6,104,111,A_C1_1,Good quality: based on automatic validation - Sensor 1 - 111,"rgba(0, 128, 0, 1.0)",,,,,,,,,,,,,,,,,,,,,,,,98536010
7,2025-10-27T10:20:00,4.59,104,111,A_C1_1,Good quality: based on automatic validation - Sensor 1 - 111,"rgba(0, 128, 0, 1.0)",,,,,,,,,,,,,,,,,,,,,,,,98536010
8,2025-10-27T10:25:00,4.62,104,111,A_C1_1,Good quality: based on automatic validation - Sensor 1 - 111,"rgba(0, 128, 0, 1.0)",,,,,,,,,,,,,,,,,,,,,,,,98536010
9,2025-10-27T10:30:00,4.6,104,111,A_C1_1,Good quality: based on automatic validation - Sensor 1 - 111,"rgba(0, 128, 0, 1.0)",,,,,,,,,,,,,,,,,,,,,,,,98536010
10,2025-10-27T10:35:00,4.61,104,111,A_C1_1,Good quality: based on automatic validation - Sensor 1 - 111,"rgba(0, 128, 0, 1.0)",,,,,,,,,,,,,,,,,,,,,,,,98536010
11,2025-10-27T10:40:00,4.58,104,111,A_C1_1,Good quality: based on automatic validation - Sensor 1 - 111,"rgba(0, 128, 0, 1.0)",,,,,,,,,,,,,,,,,,,,,,,,98536010
12,2025-10-27T10:45:00,4.6,104,111,A_C1_1,Good quality: based on automatic validation - Sensor 1 - 111,"rgba(0, 128, 0, 1.0)",,,,,,,,,,,,,,,,,,,,,,,,98536010
13,2025-10-27T10:50:00,4.59,104,111,A_C1_1,Good quality: based on automatic validation - Sensor 1 - 111,"rgba(0, 128, 0, 1.0)",,,,,,,,,,,,,,,,,,,,,,,,98536010
14,2025-10-27T10:55:00,4.59,104,111,A_C1_1,Good quality: based on automatic validation - Sensor 1 - 111,"rgba(0, 128, 0, 1.0)",,,,,,,,,,,,,,,,,,,,,,,,98536010
15,2025-10-27T11:00:00,4.59,104,111,A_C1_1,Good quality: based on automatic validation - Sensor 1 - 111,"rgba(0, 128, 0, 1.0)",,,,,,,,,,,,,,,,,,,,,,,,98536010
16,2025-10-27T11:05:00,4.61,104,111,A_C1_1,Good quality: based on automatic validation - Sensor 1 - 111,"rgba(0, 128, 0, 1.0)",,,,,,,,,,,,,,,,,,,,,,,,98536010
17,2025-10-27T11:10:00,4.6,104,111,A_C1_1,Good quality: based on automatic validation - Sensor 1 - 111,"rgba(0, 128, 0, 1.0)",,,,,,,,,,,,,,,,,,,,,,,,98536010
18,2025-10-27T11:15:00,4.59,104,111,A_C1_1,Good quality: based on automatic validation - Sensor 1 - 111,"rgba(0, 128, 0, 1.0)",,,,,,,,,,,,,,,,,,,,,,,,98536010
19,2025-10-27T11:20:00,4.6,104,111,A_C1_1,Good quality: based on automatic validation - Sensor 1 - 111,"rgba(0, 128, 0, 1.0)",,,,,,,,,,,,,,,,,,,,,,,,98536010
20,2025-10-27T11:25:00,4.61,104,111,A_C1_1,Good quality: based on automatic validation - Sensor 1 - 111,"rgba(0, 128, 0, 1.0)",,,,,,,,,,,,,,,,,,,,,,,,98536010
21,2025-10-27T11:30:00,4.61,104,111,A_C1_1,Good quality: based on automatic validation - Sensor 1 - 111,"rgba(0, 128, 0, 1.0)",,,,,,,,,,,,,,,,,,,,,,,,98536010
22,2025-10-27T11:35:00,4.59,104,111,A_C1_1,Good quality: based on automatic validation - Sensor 1 - 111,"rgba(0, 128, 0, 1.0)",,,,,,,,,,,,,,,,,,,,,,,,98536010
23,2025-10-27T11:40:00,4.6,104,111,A_C1_1,Good quality: based on automatic validation - Sensor 1 - 111,"rgba(0, 128, 0, 1.0)",,,,,,,,,,,,,,,,,,,,,,,,98536010
24,2025-10-27T11:45:00,4.59,104,111,A_C1_1,Good quality: based on automatic validation - Sensor 1 - 111,"rgba(0, 128, 0, 1.0)",,,,,,,,,,,,,,,,,,,,,,,,98536010
25,2025-10-27T11:50:00,4.59,104,111,A_C1_1,Good quality: based on automatic validation - Sensor 1 - 111,"rgba(0, 128, 0, 1.0)",,,,,,,,,,,,,,,,,,,,,,,,98536010
26,2025-10-27T11:55:00,4.59,104,111,A_C1_1,Good quality: based on automatic validation - Sensor 1 - 111,"rgba(0, 128, 0, 1.0)",,,,,,,,,,,,,,,,,,,,,,,,98536010
27,2025-10-27T12:00:00,4.61,104,111,A_C1_1,Good quality: based on automatic validation - Sensor 1 - 111,"rgba(0, 128, 0, 1.0)",,,,,,,,,,,,,,,,,,,,,,,,98536010
28,2025-10-27T12:05:00,4.6,104,111,A_C1_1,Good quality: based on automatic validation - Sensor 1 - 111,"rgba(0, 128, 0, 1.0)",,,,,,,,,,,,,,,,,,,,,,,,98536010
29,2025-10-27T12:10:00,4.62,104,111,A_C1_1,Good quality: based on automatic validation - Sensor 1 - 111,"rgba(0, 128, 0, 1.0)",,,,,,,,,,,,,,,,,,,,,,,,98536010
30,2025-10-27T12:15:00,4.61,104,111,A_C1_1,Good quality: based on automatic validation - Sensor 1 - 111,"rgba(0, 128, 0, 1.0)",,,,,,,,,,,,,,,,,,,,,,,,98536010
31,2025-10-27T12:20:00,4.61,104,111,A_C1_1,Good quality: based on automatic validation - Sensor 1 - 111,"rgba(0, 128, 0, 1.0)",,,,,,,,,,,,,,,,,,,,,,,,98536010
32,2025-10-27T12:25:00,4.63,104,111,A_C1_1,Good quality: based on automatic validation - Sensor 1 - 111,"rgba(0, 128, 0, 1.0)",,,,,,,,,,,,,,,,,,,,,,,,98536010
33,2025-10-27T12:30:00,4.6,104,111,A_C1_1,Good quality: based on automatic validation - Sensor 1 - 111,"rgba(0, 128, 0, 1.0)",,,,,,,,,,,,,,,,,,,,,,,,98536010
34,2025-10-27T12:35:00,4.6,104,111,A_C1_1,Good quality: based on automatic validation - Sensor 1 - 111,"rgba(0, 128, 0, 1.0)",,,,,,,,,,,,,,,,,,,,,,,,98536010
35,2025-10-27T12:40:00,4.6,104,111,A_C1_1,Good quality: based on automatic validation - Sensor 1 - 111,"rgba(0, 128, 0, 1.0)",,,,,,,,,,,,,,,,,,,,,,,,98536010
36,2025-10-27T12:45:00,4.61,104,111,A_C1_1,Good quality: based on automatic validation - Sensor 1 - 111,"rgba(0, 128, 0, 1.0)",,,,,,,,,,,,,,,,,,,,,,,,98536010
37,2025-10-27T12:50:00,4.61,104,111,A_C1_1,Good quality: based on automatic validation - Sensor 1 - 111,"rgba(0, 128, 0, 1.0)",,,,,,,,,,,,,,,,,,,,,,,,98536010
38,2025-10-27T12:55:00,4.61,104,111,A_C1_1,Good quality: based on automatic validation - Sensor 1 - 111,"rgba(0, 128, 0, 1.0)",,,,,,,,,,,,,,,,,,,,,,,,98536010
39,2025-10-27T13:00:00,4.61,104,111,A_C1_1,Good quality: based on automatic validation - Sensor 1 - 111,"rgba(0, 128, 0, 1.0)",,,,,,,,,,,,,,,,,,,,,,,,98536010
40,2025-10-27T13:05:00,4.62,104,111,A_C1_1,Good quality: based on automatic validation - Sensor 1 - 111,"rgba(0, 128, 0, 1.0)",,,,,,,,,,,,,,,,,,,,,,,,98536010
41,2025-10-27T13:10:00,4.6,104,111,A_C1_1,Good quality: based on automatic validation - Sensor 1 - 111,"rgba(0, 128, 0, 1.0)",,,,,,,,,,,,,,,,,,,,,,,,98536010
42,2025-10-27T13:15:00,4.61,104,111,A_C1_1,Good quality: based on automatic validation - Sensor 1 - 111,"rgba(0, 128, 0, 1.0)",,,,,,,,,,,,,,,,,,,,,,,,98536010
43,2025-10-27T13:20:00,4.63,104,111,A_C1_1,Good quality: based on automatic validation - Sensor 1 - 111,"rgba(0, 128, 0, 1.0)",,,,,,,,,,,,,,,,,,,,,,,,98536010
44,2025-10-27T13:25:00,4.6,104,111,A_C1_1,Good quality: based on automatic validation - Sensor 1 - 111,"rgba(0, 128, 0, 1.0)",,,,,,,,,,,,,,,,,,,,,,,,98536010
45,2025-10-27T13:30:00,4.6,104,111,A_C1_1,Good quality: based on automatic validation - Sensor 1 - 111,"rgba(0, 128, 0, 1.0)",,,,,,,,,,,,,,,,,,,,,,,,98536010
46,2025-10-27T13:35:00,4.61,104,111,A_C1_1,Good quality: based on automatic validation - Sensor 1 - 111,"rgba(0, 128, 0, 1.0)",,,,,,,,,,,,,,,,,,,,,,,,98536010
47,2025-10-27T13:40:00,4.62,104,111,A_C1_1,Good quality: based on automatic validation - Sensor 1 - 111,"rgba(0, 128, 0, 1.0)",,,,,,,,,,,,,,,,,,,,,,,,98536010
48,2025-10-27T13:45:00,4.6,104,111,A_C1_1,Good quality: based on automatic validation - Sensor 1 - 111,"rgba(0, 128, 0, 1.0)",,,,,,,,,,,,,,,,,,,,,,,,98536010
49,2025-10-27T13:50:00,4.61,104,111,A_C1_1,Good quality: based on automatic validation - Sensor 1 - 111,"rgba(0, 128, 0, 1.0)",,,,,,,,,,,,,,,,,,,,,,,,98536010
50,2025-10-27T13:55:00,4.62,104,111,A_C1_1,Good quality: based on automatic validation - Sensor 1 - 111,"rgba(0, 128, 0, 1.0)",,,,,,,,,,,,,,,,,,,,,,,,98536010
51,2025-10-27T14:00:00,4.62,104,111,A_C1_1,Good quality: based on automatic validation - Sensor 1 - 111,"rgba(0, 128, 0, 1.0)",,,,,,,,,,,,,,,,,,,,,,,,98536010
52,2025-10-27T14:05:00,4.61,104,111,A_C1_1,Good quality: based on automatic validation - Sensor 1 - 111,"rgba(0, 128, 0, 1.0)",,,,,,,,,,,,,,,,,,,,,,,,98536010
53,2025-10-27T14:10:00,4.63,104,111,A_C1_1,Good quality: based on automatic validation - Sensor 1 - 111,"rgba(0, 128, 0, 1.0)",,,,,,,,,,,,,,,,,,,,,,,,98536010
54,2025-10-27T14:15:00,4.6,104,111,A_C1_1,Good quality: based on automatic validation - Sensor 1 - 111,"rgba(0, 128, 0, 1.0)",,,,,,,,,,,,,,,,,,,,,,,,98536010
55,2025-10-27T14:20:00,4.59,104,111,A_C1_1,Good quality: based on automatic validation - Sensor 1 - 111,"rgba(0, 128, 0, 1.0)",,,,,,,,,,,,,,,,,,,,,,,,98536010
56,2025-10-27T14:25:00,4.62,104,111,A_C1_1,Good quality: based on automatic validation - Sensor 1 - 111,"rgba(0, 128, 0, 1.0)",,,,,,,,,,,,,,,,,,,,,,,,98536010
57,2025-10-27T14:30:00,4.61,104,111,A_C1_1,Good quality: based on automatic validation - Sensor 1 - 111,"rgba(0, 128, 0, 1.0)",,,,,,,,,,,,,,,,,,,,,,,,98536010
58,2025-10-27T14:35:00,4.6,104,111,A_C1_1,Good quality: based on automatic validation - Sensor 1 - 111,"rgba(0, 128, 0, 1.0)",,,,,,,,,,,,,,,,,,,,,,,,98536010
59,2025-10-27T14:40:00,4.61,104,111,A_C1_1,Good quality: based on automatic validation - Sensor 1 - 111,"rgba(0, 128, 0, 1.0)",,,,,,,,,,,,,,,,,,,,,,,,98536010
60,2025-10-27T14:45:00,4.61,104,111,A_C1_1,Good quality: based on automatic validation - Sensor 1 - 111,"rgba(0, 128, 0, 1.0)",,,,,,,,,,,,,,,,,,,,,,,,98536010
61,2025-10-27T14:50:00,4.61,104,111,A_C1_1,Good quality: based on automatic validation - Sensor 1 - 111,"rgba(0, 128, 0, 1.0)",,,,,,,,,,,,,,,,,,,,,,,,98536010
62,2025-10-27T14:55:00,4.62,104,111,A_C1_1,Good quality: based on automatic validation - Sensor 1 - 111,"rgba(0, 128, 0, 1.0)",,,,,,,,,,,,,,,,,,,,,,,,98536010
63,2025-10-27T15:00:00,4.62,104,111,A_C1_1,Good quality: based on automatic validation - Sensor 1 - 111,"rgba(0, 128, 0, 1.0)",,,,,,,,,,,,,,,,,,,,,,,,98536010
64,2025-10-27T15:05:00,4.61,104,111,A_C1_1,Good quality: based on automatic validation - Sensor 1 - 111,"rgba(0, 128, 0, 1.0)",,,,,,,,,,,,,,,,,,,,,,,,98536010
65,2025-10-27T15:10:00,4.61,104,111,A_C1_1,Good quality: based on automatic validation - Sensor 1 - 111,"rgba(0, 128, 0, 1.0)",,,,,,,,,,,,,,,,,,,,,,,,98536010
66,2025-10-27T15:15:00,4.63,104,111,A_C1_1,Good quality: based on automatic validation - Sensor 1 - 111,"rgba(0, 128, 0, 1.0)",,,,,,,,,,,,,,,,,,,,,,,,98536010
67,2025-10-27T15:20:00,4.6,104,111,A_C1_1,Good quality: based on automatic validation - Sensor 1 - 111,"rgba(0, 128, 0, 1.0)",,,,,,,,,,,,,,,,,,,,,,,,98536010
68,2025-10-27T15:25:00,4.62,104,111,A_C1_1,Good quality: based on automatic validation - Sensor 1 - 111,"rgba(0, 128, 0, 1.0)",,,,,,,,,,,,,,,,,,,,,,,,98536010
69,2025-10-27T15:30:00,4.63,104,111,A_C1_1,Good quality: based on automatic validation - Sensor 1 - 111,"rgba(0, 128, 0, 1.0)",,,,,,,,,,,,,,,,,,,,,,,,98536010
70,2025-10-27T15:35:00,4.62,104,111,A_C1_1,Good quality: based on automatic validation - Sensor 1 - 111,"rgba(0, 128, 0, 1.0)",,,,,,,,,,,,,,,,,,,,,,,,98536010
71,2025-10-27T15:40:00,4.61,104,111,A_C1_1,Good quality: based on automatic validation - Sensor 1 - 111,"rgba(0, 128, 0, 1.0)",,,,,,,,,,,,,,,,,,,,,,,,98536010
72,2025-10-27T15:45:00,4.61,104,111,A_C1_1,Good quality: based on automatic validation - Sensor 1 - 111,"rgba(0, 128, 0, 1.0)",,,,,,,,,,,,,,,,,,,,,,,,98536010
73,2025-10-27T15:50:00,4.62,104,111,A_C1_1,Good quality: based on automatic validation - Sensor 1 - 111,"rgba(0, 128, 0, 1.0)",,,,,,,,,,,,,,,,,,,,,,,,98536010
74,2025-10-27T15:55:00,4.62,104,111,A_C1_1,Good quality: based on automatic validation - Sensor 1 - 111,"rgba(0, 128, 0, 1.0)",,,,,,,,,,,,,,,,,,,,,,,,98536010
75,2025-10-27T16:00:00,4.63,104,111,A_C1_1,Good quality: based on automatic validation - Sensor 1 - 111,"rgba(0, 128, 0, 1.0)",,,,,,,,,,,,,,,,,,,,,,,,98536010
76,2025-10-27T16:05:00,4.63,104,111,A_C1_1,Good quality: based on automatic validation - Sensor 1 - 111,"rgba(0, 128, 0, 1.0)",,,,,,,,,,,,,,,,,,,,,,,,98536010
77,2025-10-27T16:10:00,4.64,104,111,A_C1_1,Good quality: based on automatic validation - Sensor 1 - 111,"rgba(0, 128, 0, 1.0)",,,,,,,,,,,,,,,,,,,,,,,,98536010
78,2025-10-27T16:15:00,4.62,104,111,A_C1_1,Good quality: based on automatic validation - Sensor 1 - 111,"rgba(0, 128, 0, 1.0)",,,,,,,,,,,,,,,,,,,,,,,,98536010
79,2025-10-27T16:20:00,4.63,104,111,A_C1_1,Good quality: based on automatic validation - Sensor 1 - 111,"rgba(0, 128, 0, 1.0)",,,,,,,,,,,,,,,,,,,,,,,,98536010
80,2025-10-27T16:25:00,4.62,104,111,A_C1_1,Good quality: based on automatic validation - Sensor 1 - 111,"rgba(0, 128, 0, 1.0)",,,,,,,,,,,,,,,,,,,,,,,,98536010
81,2025-10-27T16:30:00,4.63,104,111,A_C1_1,Good quality: based on automatic validation - Sensor 1 - 111,"rgba(0, 128, 0, 1.0)",,,,,,,,,,,,,,,,,,,,,,,,98536010
82,2025-10-27T16:35:00,4.63,104,111,A_C1_1,Good quality: based on automatic validation - Sensor 1 - 111,"rgba(0, 128, 0, 1.0)",,,,,,,,,,,,,,,,,,,,,,,,98536010
83,2025-10-27T16:40:00,4.62,104,111,A_C1_1,Good quality: based on automatic validation - Sensor 1 - 111,"rgba(0, 128, 0, 1.0)",,,,,,,,,,,,,,,,,,,,,,,,98536010
84,2025-10-27T16:45:00,4.63,104,111,A_C1_1,Good quality: based on automatic validation - Sensor 1 - 111,"rgba(0, 128, 0, 1.0)",,,,,,,,,,,,,,,,,,,,,,,,98536010
85,2025-10-27T16:50:00,4.63,104,111,A_C1_1,Good quality: based on automatic validation - Sensor 1 - 111,"rgba(0, 128, 0, 1.0)",,,,,,,,,,,,,,,,,,,,,,,,98536010
86,2025-10-27T16:55:00,4.63,104,111,A_C1_1,Good quality: based on automatic validation - Sensor 1 - 111,"rgba(0, 128, 0, 1.0)",,,,,,,,,,,,,,,,,,,,,,,,98536010
87,2025-10-27T17:00:00,4.64,104,111,A_C1_1,Good quality: based on automatic validation - Sensor 1 - 111,"rgba(0, 128, 0, 1.0)",,,,,,,,,,,,,,,,,,,,,,,,98536010
88,2025-10-27T17:05:00,4.63,104,111,A_C1_1,Good quality: based on automatic validation - Sensor 1 - 111,"rgba(0, 128, 0, 1.0)",,,,,,,,,,,,,,,,,,,,,,,,98536010
89,2025-10-27T17:10:00,4.62,104,111,A_C1_1,Good quality: based on automatic validation - Sensor 1 - 111,"rgba(0, 128, 0, 1.0)",,,,,,,,,,,,,,,,,,,,,,,,98536010
90,2025-10-27T17:15:00,4.63,104,111,A_C1_1,Good quality: based on automatic validation - Sensor 1 - 111,"rgba(0, 128, 0, 1.0)",,,,,,,,,,,,,,,,,,,,,,,,98536010
91,2025-10-27T17:20:00,4.63,104,111,A_C1_1,Good quality: based on automatic validation - Sensor 1 - 111,"rgba(0, 128, 0, 1.0)",,,,,,,,,,,,,,,,,,,,,,,,98536010
92,2025-10-27T17:25:00,4.63,104,111,A_C1_1,Good quality: based on automatic validation - Sensor 1 - 111,"rgba(0, 128, 0, 1.0)",,,,,,,,,,,,,,,,,,,,,,,,98536010
93,2025-10-27T17:30:00,4.65,104,111,A_C1_1,Good quality: based on automatic validation - Sensor 1 - 111,"rgba(0, 128, 0, 1.0)",,,,,,,,,,,,,,,,,,,,,,,,98536010
94,2025-10-27T17:35:00,4.64,104,111,A_C1_1,Good quality: based on automatic validation - Sensor 1 - 111,"rgba(0, 128, 0, 1.0)",,,,,,,,,,,,,,,,,,,,,,,,98536010
95,2025-10-27T17:40:00,4.65,104,111,A_C1_1,Good quality: based on automatic validation - Sensor 1 - 111,"rgba(0, 128, 0, 1.0)",,,,,,,,,,,,,,,,,,,,,,,,98536010
96,2025-10-27T17:45:00,4.63,104,111,A_C1_1,Good quality: based on automatic validation - Sensor 1 - 111,"rgba(0, 128, 0, 1.0)",,,,,,,,,,,,,,,,,,,,,,,,98536010
97,2025-10-27T17:50:00,4.63,104,111,A_C1_1,Good quality: based on automatic validation - Sensor 1 - 111,"rgba(0, 128, 0, 1.0)",,,,,,,,,,,,,,,,,,,,,,,,98536010
98,2025-10-27T17:55:00,4.63,104,111,A_C1_1,Good quality: based on automatic validation - Sensor 1 - 111,"rgba(0, 128, 0, 1.0)",,,,,,,,,,,,,,,,,,,,,,,,98536010
99,2025-10-27T18:00:00,4.65,104,111,A_C1_1,Good quality: based on automatic validation - Sensor 1 - 111,"rgba(0, 128, 0, 1.0)",,,,,,,,,,,,,,,,,,,,,,,,98536010
100,2025-10-27T18:05:00,4.64,104,111,A_C1_1,Good quality: based on automatic validation - Sensor 1 - 111,"rgba(0, 128, 0, 1.0)",,,,,,,,,,,,,,,,,,,,,,,,98536010
101,2025-10-27T18:10:00,4.64,104,111,A_C1_1,Good quality: based on automatic validation - Sensor 1 - 111,"rgba(0, 128, 0, 1.0)",,,,,,,,,,,,,,,,,,,,,,,,98536010
102,2025-10-27T18:15:00,4.62,104,111,A_C1_1,Good quality: based on automatic validation - Sensor 1 - 111,"rgba(0, 128, 0, 1.0)",,,,,,,,,,,,,,,,,,,,,,,,98536010
103,2025-10-27T18:20:00,4.64,104,111,A_C1_1,Good quality: based on automatic validation - Sensor 1 - 111,"rgba(0, 128, 0, 1.0)",,,,,,,,,,,,,,,,,,,,,,,,98536010
104,2025-10-27T18:25:00,4.65,104,111,A_C1_1,Good quality: based on automatic validation - Sensor 1 - 111,"rgba(0, 128, 0, 1.0)",,,,,,,,,,,,,,,,,,,,,,,,98536010
105,2025-10-27T18:30:00,4.64,104,111,A_C1_1,Good quality: based on automatic validation - Sensor 1 - 111,"rgba(0, 128, 0, 1.0)",,,,,,,,,,,,,,,,,,,,,,,,98536010
106,2025-10-27T18:35:00,4.63,104,111,A_C1_1,Good quality: based on automatic validation - Sensor 1 - 111,"rgba(0, 128, 0, 1.0)",,,,,,,,,,,,,,,,,,,,,,,,98536010
107,2025-10-27T18:40:00,4.66,104,111,A_C1_1,Good quality: based on automatic validation - Sensor 1 - 111,"rgba(0, 128, 0, 1.0)",,,,,,,,,,,,,,,,,,,,,,,,98536010
108,2025-10-27T18:45:00,4.62,104,111,A_C1_1,Good quality: based on automatic validation - Sensor 1 - 111,"rgba(0, 128, 0, 1.0)",,,,,,,,,,,,,,,,,,,,,,,,98536010
109,2025-10-27T18:50:00,4.64,104,111,A_C1_1,Good quality: based on automatic validation - Sensor 1 - 111,"rgba(0, 128, 0, 1.0)",,,,,,,,,,,,,,,,,,,,,,,,98536010
110,2025-10-27T18:55:00,4.64,104,111,A_C1_1,Good quality: based on automatic validation - Sensor 1 - 111,"rgba(0, 128, 0, 1.0)",,,,,,,,,,,,,,,,,,,,,,,,98536010
111,2025-10-27T19:00:00,4.64,104,111,A_C1_1,Good quality: based on automatic validation - Sensor 1 - 111,"rgba(0, 128, 0, 1.0)",,,,,,,,,,,,,,,,,,,,,,,,98536010
112,2025-10-27T19:05:00,4.65,104,111,A_C1_1,Good quality: based on automatic validation - Sensor 1 - 111,"rgba(0, 128, 0, 1.0)",,,,,,,,,,,,,,,,,,,,,,,,98536010
113,2025-10-27T19:10:00,4.62,104,111,A_C1_1,Good quality: based on automatic validation - Sensor 1 - 111,"rgba(0, 128, 0, 1.0)",,,,,,,,,,,,,,,,,,,,,,,,98536010
114,2025-10-27T19:15:00,4.63,104,111,A_C1_1,Good quality: based on automatic validation - Sensor 1 - 111,"rgba(0, 128, 0, 1.0)",,,,,,,,,,,,,,,,,,,,,,,,98536010
115,2025-10-27T19:20:00,4.63,104,111,A_C1_1,Good quality: based on automatic validation - Sensor 1 - 111,"rgba(0, 128, 0, 1.0)",,,,,,,,,,,,,,,,,,,,,,,,98536010
116,2025-10-27T19:25:00,4.61,104,111,A_C1_1,Good quality: based on automatic validation - Sensor 1 - 111,"rgba(0, 128, 0, 1.0)",,,,,,,,,,,,,,,,,,,,,,,,98536010
117,2025-10-27T19:30:00,4.62,104,111,A_C1_1,Good quality: based on automatic validation - Sensor 1 - 111,"rgba(0, 128, 0, 1.0)",,,,,,,,,,,,,,,,,,,,,,,,98536010
118,2025-10-27T19:35:00,4.63,104,111,A_C1_1,Good quality: based on automatic validation - Sensor 1 - 111,"rgba(0, 128, 0, 1.0)",,,,,,,,,,,,,,,,,,,,,,,,98536010
119,2025-10-27T19:40:00,4.61,104,111,A_C1_1,Good quality: based on automatic validation - Sensor 1 - 111,"rgba(0, 128, 0, 1.0)",,,,,,,,,,,,,,,,,,,,,,,,98536010
120,2025-10-27T19:45:00,4.61,104,111,A_C1_1,Good quality: based on automatic validation - Sensor 1 - 111,"rgba(0, 128, 0, 1.0)",,,,,,,,,,,,,,,,,,,,,,,,98536010
121,2025-10-27T19:50:00,4.6,104,111,A_C1_1,Good quality: based on automatic validation - Sensor 1 - 111,"rgba(0, 128, 0, 1.0)",,,,,,,,,,,,,,,,,,,,,,,,98536010
122,2025-10-27T19:55:00,4.61,104,111,A_C1_1,Good quality: based on automatic validation - Sensor 1 - 111,"rgba(0, 128, 0, 1.0)",,,,,,,,,,,,,,,,,,,,,,,,98536010
123,2025-10-27T20:00:00,4.6,104,111,A_C1_1,Good quality: based on automatic validation - Sensor 1 - 111,"rgba(0, 128, 0, 1.0)",,,,,,,,,,,,,,,,,,,,,,,,98536010
124,2025-10-27T20:05:00,4.6,104,111,A_C1_1,Good quality: based on automatic validation - Sensor 1 - 111,"rgba(0, 128, 0, 1.0)",,,,,,,,,,,,,,,,,,,,,,,,98536010
125,2025-10-27T20:10:00,4.6,104,111,A_C1_1,Good quality: based on automatic validation - Sensor 1 - 111,"rgba(0, 128, 0, 1.0)",,,,,,,,,,,,,,,,,,,,,,,,98536010
126,2025-10-27T20:15:00,4.59,104,111,A_C1_1,Good quality: based on automatic validation - Sensor 1 - 111,"rgba(0, 128, 0, 1.0)",,,,,,,,,,,,,,,,,,,,,,,,98536010
127,2025-10-27T20:20:00,4.59,104,111,A_C1_1,Good quality: based on automatic validation - Sensor 1 - 111,"rgba(0, 128, 0, 1.0)",,,,,,,,,,,,,,,,,,,,,,,,98536010
128,2025-10-27T20:25:00,4.59,104,111,A_C1_1,Good quality: based on automatic validation - Sensor 1 - 111,"rgba(0, 128, 0, 1.0)",,,,,,,,,,,,,,,,,,,,,,,,98536010
129,2025-10-27T20:30:00,4.58,104,111,A_C1_1,Good quality: based on automatic validation - Sensor 1 - 111,"rgba(0, 128, 0, 1.0)",,,,,,,,,,,,,,,,,,,,,,,,98536010
130,2025-10-27T20:35:00,4.58,104,111,A_C1_1,Good quality: based on automatic validation - Sensor 1 - 111,"rgba(0, 128, 0, 1.0)",,,,,,,,,,,,,,,,,,,,,,,,98536010
131,2025-10-27T20:40:00,4.57,104,111,A_C1_1,Good quality: based on automatic validation - Sensor 1 - 111,"rgba(0, 128, 0, 1.0)",,,,,,,,,,,,,,,,,,,,,,,,98536010
132,2025-10-27T20:45:00,4.55,104,111,A_C1_1,Good quality: based on automatic validation - Sensor 1 - 111,"rgba(0, 128, 0, 1.0)",,,,,,,,,,,,,,,,,,,,,,,,98536010
133,2025-10-27T20:50:00,4.55,104,111,A_C1_1,Good quality: based on automatic validation - Sensor 1 - 111,"rgba(0, 128, 0, 1.0)",,,,,,,,,,,,,,,,,,,,,,,,98536010
134,2025-10-27T20:55:00,4.55,104,111,A_C1_1,Good quality: based on automatic validation - Sensor 1 - 111,"rgba(0, 128, 0, 1.0)",,,,,,,,,,,,,,,,,,,,,,,,98536010
135,2025-10-27T21:00:00,4.56,104,111,A_C1_1,Good quality: based on automatic validation - Sensor 1 - 111,"rgba(0, 128, 0, 1.0)",,,,,,,,,,,,,,,,,,,,,,,,98536010
136,2025-10-27T21:05:00,4.55,104,111,A_C1_1,Good quality: based on automatic validation - Sensor 1 - 111,"rgba(0, 128, 0, 1.0)",,,,,,,,,,,,,,,,,,,,,,,,98536010
137,2025-10-27T21:10:00,4.56,104,111,A_C1_1,Good quality: based on automatic validation - Sensor 1 - 111,"rgba(0, 128, 0, 1.0)",,,,,,,,,,,,,,,,,,,,,,,,98536010
138,2025-10-27T21:15:00,4.55,104,111,A_C1_1,Good quality: based on automatic validation - Sensor 1 - 111,"rgba(0, 128, 0, 1.0)",,,,,,,,,,,,,,,,,,,,,,,,98536010
139,2025-10-27T21:20:00,4.55,104,111,A_C1_1,Good quality: based on automatic validation - Sensor 1 - 111,"rgba(0, 128, 0, 1.0)",,,,,,,,,,,,,,,,,,,,,,,,98536010
140,2025-10-27T21:25:00,4.55,104,111,A_C1_1,Good quality: based on automatic validation - Sensor 1 - 111,"rgba(0, 128, 0, 1.0)",,,,,,,,,,,,,,,,,,,,,,,,98536010
141,2025-10-27T21:30:00,4.56,104,111,A_C1_1,Good quality: based on automatic validation - Sensor 1 - 111,"rgba(0, 128, 0, 1.0)",,,,,,,,,,,,,,,,,,,,,,,,98536010
142,2025-10-27T21:35:00,4.57,104,111,A_C1_1,Good quality: based on automatic validation - Sensor 1 - 111,"rgba(0, 128, 0, 1.0)",,,,,,,,,,,,,,,,,,,,,,,,98536010
143,2025-10-27T21:40:00,4.57,104,111,A_C1_1,Good quality: based on automatic validation - Sensor 1 - 111,"rgba(0, 128, 0, 1.0)",,,,,,,,,,,,,,,,,,,,,,,,98536010
144,2025-10-27T21:45:00,4.57,104,111,A_C1_1,Good quality: based on automatic validation - Sensor 1 - 111,"rgba(0, 128, 0, 1.0)",,,,,,,,,,,,,,,,,,,,,,,,98536010
145,2025-10-27T21:50:00,4.58,104,111,A_C1_1,Good quality: based on automatic validation - Sensor 1 - 111,"rgba(0, 128, 0, 1.0)",,,,,,,,,,,,,,,,,,,,,,,,98536010
146,2025-10-27T21:55:00,4.58,104,111,A_C1_1,Good quality: based on automatic validation - Sensor 1 - 111,"rgba(0, 128, 0, 1.0)",,,,,,,,,,,,,,,,,,,,,,,,98536010
147,2025-10-27T22:00:00,4.57,104,111,A_C1_1,Good quality: based on automatic validation - Sensor 1 - 111,"rgba(0, 128, 0, 1.0)",,,,,,,,,,,,,,,,,,,,,,,,98536010
148,2025-10-27T22:05:00,4.57,104,111,A_C1_1,Good quality: based on automatic validation - Sensor 1 - 111,"rgba(0, 128, 0, 1.0)",,,,,,,,,,,,,,,,,,,,,,,,98536010
149,2025-10-27T22:10:00,4.57,104,111,A_C1_1,Good quality: based on automatic validation - Sensor 1 - 111,"rgba(0, 128, 0, 1.0)",,,,,,,,,,,,,,,,,,,,,,,,98536010
150,2025-10-27T22:15:00,4.56,104,111,A_C1_1,Good quality: based on automatic validation - Sensor 1 - 111,"rgba(0, 128, 0, 1.0)",,,,,,,,,,,,,,,,,,,,,,,,98536010
151,2025-10-27T22:20:00,4.54,104,111,A_C1_1,Good quality: based on automatic validation - Sensor 1 - 111,"rgba(0, 128, 0, 1.0)",,,,,,,,,,,,,,,,,,,,,,,,98536010
152,2025-10-27T22:25:00,4.55,104,111,A_C1_1,Good quality: based on automatic validation - Sensor 1 - 111,"rgba(0, 128, 0, 1.0)",,,,,,,,,,,,,,,,,,,,,,,,98536010
153,2025-10-27T22:30:00,4.56,104,111,A_C1_1,Good quality: based on automatic validation - Sensor 1 - 111,"rgba(0, 128, 0, 1.0)",,,,,,,,,,,,,,,,,,,,,,,,98536010
154,2025-10-27T22:35:00,4.56,104,111,A_C1_1,Good quality: based on automatic validation - Sensor 1 - 111,"rgba(0, 128, 0, 1.0)",,,,,,,,,,,,,,,,,,,,,,,,98536010
155,2025-10-27T22:40:00,4.57,104,111,A_C1_1,Good quality: based on automatic validation - Sensor 1 - 111,"rgba(0, 128, 0, 1.0)",,,,,,,,,,,,,,,,,,,,,,,,98536010
156,2025-10-27T22:45:00,4.57,104,111,A_C1_1,Good quality: based on automatic validation - Sensor 1 - 111,"rgba(0, 128, 0, 1.0)",,,,,,,,,,,,,,,,,,,,,,,,98536010
157,2025-10-27T22:50:00,4.55,104,111,A_C1_1,Good quality: based on automatic validation - Sensor 1 - 111,"rgba(0, 128, 0, 1.0)",,,,,,,,,,,,,,,,,,,,,,,,98536010
158,2025-10-27T22:55:00,4.56,104,111,A_C1_1,Good quality: based on automatic validation - Sensor 1 - 111,"rgba(0, 128, 0, 1.0)",,,,,,,,,,,,,,,,,,,,,,,,98536010
159,2025-10-27T23:00:00,4.57,104,111,A_C1_1,Good quality: based on automatic validation - Sensor 1 - 111,"rgba(0, 128, 0, 1.0)",,,,,,,,,,,,,,,,,,,,,,,,98536010
160,2025-10-27T23:05:00,4.58,104,111,A_C1_1,Good quality: based on automatic validation - Sensor 1 - 111,"rgba(0, 128, 0, 1.0)",,,,,,,,,,,,,,,,,,,,,,,,98536010
161,2025-10-27T23:10:00,4.57,104,111,A_C1_1,Good quality: based on automatic validation - Sensor 1 - 111,"rgba(0, 128, 0, 1.0)",,,,,,,,,,,,,,,,,,,,,,,,98536010
162,2025-10-27T23:15:00,4.58,104,111,A_C1_1,Good quality: based on automatic validation - Sensor 1 - 111,"rgba(0, 128, 0, 1.0)",,,,,,,,,,,,,,,,,,,,,,,,98536010
163,2025-10-27T23:20:00,4.55,104,111,A_C1_1,Good quality: based on automatic validation - Sensor 1 - 111,"rgba(0, 128, 0, 1.0)",,,,,,,,,,,,,,,,,,,,,,,,98536010
164,2025-10-27T23:25:00,4.55,104,111,A_C1_1,Good quality: based on automatic validation - Sensor 1 - 111,"rgba(0, 128, 0, 1.0)",,,,,,,,,,,,,,,,,,,,,,,,98536010
165,2025-10-27T23:30:00,4.56,104,111,A_C1_1,Good quality: based on automatic validation - Sensor 1 - 111,"rgba(0, 128, 0, 1.0)",,,,,,,,,,,,,,,,,,,,,,,,98536010
166,2025-10-27T23:35:00,4.56,104,111,A_C1_1,Good quality: based on automatic validation - Sensor 1 - 111,"rgba(0, 128, 0, 1.0)",,,,,,,,,,,,,,,,,,,,,,,,98536010
167,2025-10-27T23:40:00,4.54,104,111,A_C1_1,Good quality: based on automatic validation - Sensor 1 - 111,"rgba(0, 128, 0, 1.0)",,,,,,,,,,,,,,,,,,,,,,,,98536010
168,2025-10-27T23:45:00,4.54,104,111,A_C1_1,Good quality: based on automatic validation - Sensor 1 - 111,"rgba(0, 128, 0, 1.0)",,,,,,,,,,,,,,,,,,,,,,,,98536010
169,2025-10-27T23:50:00,4.56,104,111,A_C1_1,Good quality: based on automatic validation - Sensor 1 - 111,"rgba(0, 128, 0, 1.0)",,,,,,,,,,,,,,,,,,,,,,,,98536010
170,2025-10-27T23:55:00,4.57,104,111,A_C1_1,Good quality: based on automatic validation - Sensor 1 - 111,"rgba(0, 128, 0, 1.0)",,,,,,,,,,,,,,,,,,,,,,,,98536010
171,2025-10-28T00:00:00,4.57,104,111,A_C1_1,Good quality: based on automatic validation - Sensor 1 - 111,"rgba(0, 128, 0, 1.0)",,,,,,,,,,,,,,,,,,,,,,,,98536010
172,2025-10-28T00:05:00,4.58,104,111,A_C1_1,Good quality: based on automatic validation - Sensor 1 - 111,"rgba(0, 128, 0, 1.0)",,,,,,,,,,,,,,,,,,,,,,,,98536010
173,2025-10-28T00:10:00,4.57,104,111,A_C1_1,Good quality: based on automatic validation - Sensor 1 - 111,"rgba(0, 128, 0, 1.0)",,,,,,,,,,,,,,,,,,,,,,,,98536010
174,2025-10-28T00:15:00,4.56,104,111,A_C1_1,Good quality: based on automatic validation - Sensor 1 - 111,"rgba(0, 128, 0, 1.0)",,,,,,,,,,,,,,,,,,,,,,,,98536010
175,2025-10-28T00:20:00,4.57,104,111,A_C1_1,Good quality: based on automatic validation - Sensor 1 - 111,"rgba(0, 128, 0, 1.0)",,,,,,,,,,,,,,,,,,,,,,,,98536010
176,2025-10-28T00:25:00,4.57,104,111,A_C1_1,Good quality: based on automatic validation - Sensor 1 - 111,"rgba(0, 128, 0, 1.0)",,,,,,,,,,,,,,,,,,,,,,,,98536010
177,2025-10-28T00:30:00,4.58,104,111,A_C1_1,Good quality: based on automatic validation - Sensor 1 - 111,"rgba(0, 128, 0, 1.0)",,,,,,,,,,,,,,,,,,,,,,,,98536010
178,2025-10-28T00:35:00,4.57,104,111,A_C1_1,Good quality: based on automatic validation - Sensor 1 - 111,"rgba(0, 128, 0, 1.0)",,,,,,,,,,,,,,,,,,,,,,,,98536010
179,2025-10-28T00:40:00,4.57,104,111,A_C1_1,Good quality: based on automatic validation - Sensor 1 - 111,"rgba(0, 128, 0, 1.0)",,,,,,,,,,,,,,,,,,,,,,,,98536010
180,2025-10-28T00:45:00,4.57,104,111,A_C1_1,Good quality: based on automatic validation - Sensor 1 - 111,"rgba(0, 128, 0, 1.0)",,,,,,,,,,,,,,,,,,,,,,,,98536010
181,2025-10-28T00:50:00,4.55,104,111,A_C1_1,Good quality: based on automatic validation - Sensor 1 - 111,"rgba(0, 128, 0, 1.0)",,,,,,,,,,,,,,,,,,,,,,,,98536010
182,2025-10-28T00:55:00,4.56,104,111,A_C1_1,Good quality: based on automatic validation - Sensor 1 - 111,"rgba(0, 128, 0, 1.0)",,,,,,,,,,,,,,,,,,,,,,,,98536010
183,2025-10-28T01:00:00,4.57,104,111,A_C1_1,Good quality: based on automatic validation - Sensor 1 - 111,"rgba(0, 128, 0, 1.0)",,,,,,,,,,,,,,,,,,,,,,,,98536010
184,2025-10-28T01:05:00,4.55,104,111,A_C1_1,Good quality: based on automatic validation - Sensor 1 - 111,"rgba(0, 128, 0, 1.0)",,,,,,,,,,,,,,,,,,,,,,,,98536010
185,2025-10-28T01:10:00,4.55,104,111,A_C1_1,Good quality: based on automatic validation - Sensor 1 - 111,"rgba(0, 128, 0, 1.0)",,,,,,,,,,,,,,,,,,,,,,,,98536010
186,2025-10-28T01:15:00,4.56,104,111,A_C1_1,Good quality: based on automatic validation - Sensor 1 - 111,"rgba(0, 128, 0, 1.0)",,,,,,,,,,,,,,,,,,,,,,,,98536010
187,2025-10-28T01:20:00,4.57,104,111,A_C1_1,Good quality: based on automatic validation - Sensor 1 - 111,"rgba(0, 128, 0, 1.0)",,,,,,,,,,,,,,,,,,,,,,,,98536010
188,2025-10-28T01:25:00,4.57,104,111,A_C1_1,Good quality: based on automatic validation - Sensor 1 - 111,"rgba(0, 128, 0, 1.0)",,,,,,,,,,,,,,,,,,,,,,,,98536010
189,2025-10-28T01:30:00,4.57,104,111,A_C1_1,Good quality: based on automatic validation - Sensor 1 - 111,"rgba(0, 128, 0, 1.0)",,,,,,,,,,,,,,,,,,,,,,,,98536010
190,2025-10-28T01:35:00,4.56,104,111,A_C1_1,Good quality: based on automatic validation - Sensor 1 - 111,"rgba(0, 128, 0, 1.0)",,,,,,,,,,,,,,,,,,,,,,,,98536010
191,2025-10-28T01:40:00,4.54,104,111,A_C1_1,Good quality: based on automatic validation - Sensor 1 - 111,"rgba(0, 128, 0, 1.0)",,,,,,,,,,,,,,,,,,,,,,,,98536010
192,2025-10-28T01:45:00,4.54,104,111,A_C1_1,Good quality: based on automatic validation - Sensor 1 - 111,"rgba(0, 128, 0, 1.0)",,,,,,,,,,,,,,,,,,,,,,,,98536010
193,2025-10-28T01:50:00,4.57,104,111,A_C1_1,Good quality: based on automatic validation - Sensor 1 - 111,"rgba(0, 128, 0, 1.0)",,,,,,,,,,,,,,,,,,,,,,,,98536010
194,2025-10-28T01:55:00,4.56,104,111,A_C1_1,Good quality: based on automatic validation - Sensor 1 - 111,"rgba(0, 128, 0, 1.0)",,,,,,,,,,,,,,,,,,,,,,,,98536010
195,2025-10-28T02:00:00,4.57,104,111,A_C1_1,Good quality: based on automatic validation - Sensor 1 - 111,"rgba(0, 128, 0, 1.0)",,,,,,,,,,,,,,,,,,,,,,,,98536010
196,2025-10-28T02:05:00,4.55,104,111,A_C1_1,Good quality: based on automatic validation - Sensor 1 - 111,"rgba(0, 128, 0, 1.0)",,,,,,,,,,,,,,,,,,,,,,,,98536010
197,2025-10-28T02:10:00,4.53,104,111,A_C1_1,Good quality: based on automatic validation - Sensor 1 - 111,"rgba(0, 128, 0, 1.0)",,,,,,,,,,,,,,,,,,,,,,,,98536010
198,2025-10-28T02:15:00,4.52,104,111,A_C1_1,Good quality: based on automatic validation - Sensor 1 - 111,"rgba(0, 128, 0, 1.0)",,,,,,,,,,,,,,,,,,,,,,,,98536010
199,2025-10-28T02:20:00,4.55,104,111,A_C1_1,Good quality: based on automatic validation - Sensor 1 - 111,"rgba(0, 128, 0, 1.0)",,,,,,,,,,,,,,,,,,,,,,,,98536010
200,2025-10-28T02:25:00,4.53,104,111,A_C1_1,Good quality: based on automatic validation - Sensor 1 - 111,"rgba(0, 128, 0, 1.0)",,,,,,,,,,,,,,,,,,,,,,,,98536010
201,2025-10-28T02:30:00,4.54,104,111,A_C1_1,Good quality: based on automatic validation - Sensor 1 - 111,"rgba(0, 128, 0, 1.0)",,,,,,,,,,,,,,,,,,,,,,,,98536010
202,2025-10-28T02:35:00,4.56,104,111,A_C1_1,Good quality: based on automatic validation - Sensor 1 - 111,"rgba(0, 128, 0, 1.0)",,,,,,,,,,,,,,,,,,,,,,,,98536010
203,2025-10-28T02:40:00,4.56,104,111,A_C1_1,Good quality: based on automatic validation - Sensor 1 - 111,"rgba(0, 128, 0, 1.0)",,,,,,,,,,,,,,,,,,,,,,,,98536010
204,2025-10-28T02:45:00,4.55,104,111,A_C1_1,Good quality: based on automatic validation - Sensor 1 - 111,"rgba(0, 128, 0, 1.0)",,,,,,,,,,,,,,,,,,,,,,,,98536010
205,2025-10-28T02:50:00,4.56,104,111,A_C1_1,Good quality: based on automatic validation - Sensor 1 - 111,"rgba(0, 128, 0, 1.0)",,,,,,,,,,,,,,,,,,,,,,,,98536010
206,2025-10-28T02:55:00,4.57,104,111,A_C1_1,Good quality: based on automatic validation - Sensor 1 - 111,"rgba(0, 128, 0, 1.0)",,,,,,,,,,,,,,,,,,,,,,,,98536010
207,2025-10-28T03:00:00,4.57,104,111,A_C1_1,Good quality: based on automatic validation - Sensor 1 - 111,"rgba(0, 128, 0, 1.0)",,,,,,,,,,,,,,,,,,,,,,,,98536010
208,2025-10-28T03:05:00,4.56,104,111,A_C1_1,Good quality: based on automatic validation - Sensor 1 - 111,"rgba(0, 128, 0, 1.0)",,,,,,,,,,,,,,,,,,,,,,,,98536010
209,2025-10-28T03:10:00,4.55,104,111,A_C1_1,Good quality: based on automatic validation - Sensor 1 - 111,"rgba(0, 128, 0, 1.0)",,,,,,,,,,,,,,,,,,,,,,,,98536010
210,2025-10-28T03:15:00,4.56,104,111,A_C1_1,Good quality: based on automatic validation - Sensor 1 - 111,"rgba(0, 128, 0, 1.0)",,,,,,,,,,,,,,,,,,,,,,,,98536010
211,2025-10-28T03:20:00,4.55,104,111,A_C1_1,Good quality: based on automatic validation - Sensor 1 - 111,"rgba(0, 128, 0, 1.0)",,,,,,,,,,,,,,,,,,,,,,,,98536010
212,2025-10-28T03:25:00,4.55,104,111,A_C1_1,Good quality: based on automatic validation - Sensor 1 - 111,"rgba(0, 128, 0, 1.0)",,,,,,,,,,,,,,,,,,,,,,,,98536010
213,2025-10-28T03:30:00,4.56,104,111,A_C1_1,Good quality: based on automatic validation - Sensor 1 - 111,"rgba(0, 128, 0, 1.0)",,,,,,,,,,,,,,,,,,,,,,,,98536010
214,2025-10-28T03:35:00,4.56,104,111,A_C1_1,Good quality: based on automatic validation - Sensor 1 - 111,"rgba(0, 128, 0, 1.0)",,,,,,,,,,,,,,,,,,,,,,,,98536010
215,2025-10-28T03:40:00,4.54,104,111,A_C1_1,Good quality: based on automatic validation - Sensor 1 - 111,"rgba(0, 128, 0, 1.0)",,,,,,,,,,,,,,,,,,,,,,,,98536010
216,2025-10-28T03:45:00,4.56,104,111,A_C1_1,Good quality: based on automatic validation - Sensor 1 - 111,"rgba(0, 128, 0, 1.0)",,,,,,,,,,,,,,,,,,,,,,,,98536010
217,2025-10-28T03:50:00,4.56,104,111,A_C1_1,Good quality: based on automatic validation - Sensor 1 - 111,"rgba(0, 128, 0, 1.0)",,,,,,,,,,,,,,,,,,,,,,,,98536010
218,2025-10-28T03:55:00,4.56,104,111,A_C1_1,Good quality: based on automatic validation - Sensor 1 - 111,"rgba(0, 128, 0, 1.0)",,,,,,,,,,,,,,,,,,,,,,,,98536010
219,2025-10-28T04:00:00,4.56,104,111,A_C1_1,Good quality: based on automatic validation - Sensor 1 - 111,"rgba(0, 128, 0, 1.0)",,,,,,,,,,,,,,,,,,,,,,,,98536010
220,2025-10-28T04:05:00,4.56,104,111,A_C1_1,Good quality: based on automatic validation - Sensor 1 - 111,"rgba(0, 128, 0, 1.0)",,,,,,,,,,,,,,,,,,,,,,,,98536010
221,2025-10-28T04:10:00,4.56,104,111,A_C1_1,Good quality: based on automatic validation - Sensor 1 - 111,"rgba(0, 128, 0, 1.0)",,,,,,,,,,,,,,,,,,,,,,,,98536010
222,2025-10-28T04:15:00,4.55,104,111,A_C1_1,Good quality: based on automatic validation - Sensor 1 - 111,"rgba(0, 128, 0, 1.0)",,,,,,,,,,,,,,,,,,,,,,,,98536010
223,2025-10-28T04:20:00,4.57,104,111,A_C1_1,Good quality: based on automatic validation - Sensor 1 - 111,"rgba(0, 128, 0, 1.0)",,,,,,,,,,,,,,,,,,,,,,,,98536010
224,2025-10-28T04:25:00,4.57,104,111,A_C1_1,Good quality: based on automatic validation - Sensor 1 - 111,"rgba(0, 128, 0, 1.0)",,,,,,,,,,,,,,,,,,,,,,,,98536010
225,2025-10-28T04:30:00,4.55,104,111,A_C1_1,Good quality: based on automatic validation - Sensor 1 - 111,"rgba(0, 128, 0, 1.0)",,,,,,,,,,,,,,,,,,,,,,,,98536010
226,2025-10-28T04:35:00,4.56,104,111,A_C1_1,Good quality: based on automatic validation - Sensor 1 - 111,"rgba(0, 128, 0, 1.0)",,,,,,,,,,,,,,,,,,,,,,,,98536010
227,2025-10-28T04:40:00,4.57,104,111,A_C1_1,Good quality: based on automatic validation - Sensor 1 - 111,"rgba(0, 128, 0, 1.0)",,,,,,,,,,,,,,,,,,,,,,,,98536010
228,2025-10-28T04:45:00,4.56,104,111,A_C1_1,Good quality: based on automatic validation - Sensor 1 - 111,"rgba(0, 128, 0, 1.0)",,,,,,,,,,,,,,,,,,,,,,,,98536010
229,2025-10-28T04:50:00,4.56,104,111,A_C1_1,Good quality: based on automatic validation - Sensor 1 - 111,"rgba(0, 128, 0, 1.0)",,,,,,,,,,,,,,,,,,,,,,,,98536010
230,2025-10-28T04:55:00,4.57,104,111,A_C1_1,Good quality: based on automatic validation - Sensor 1 - 111,"rgba(0, 128, 0, 1.0)",,,,,,,,,,,,,,,,,,,,,,,,98536010
231,2025-10-28T05:00:00,4.56,104,111,A_C1_1,Good quality: based on automatic validation - Sensor 1 - 111,"rgba(0, 128, 0, 1.0)",,,,,,,,,,,,,,,,,,,,,,,,98536010
232,2025-10-28T05:05:00,4.56,104,111,A_C1_1,Good quality: based on automatic validation - Sensor 1 - 111,"rgba(0, 128, 0, 1.0)",,,,,,,,,,,,,,,,,,,,,,,,98536010
233,2025-10-28T05:10:00,4.55,104,111,A_C1_1,Good quality: based on automatic validation - Sensor 1 - 111,"rgba(0, 128, 0, 1.0)",,,,,,,,,,,,,,,,,,,,,,,,98536010
234,2025-10-28T05:15:00,4.56,104,111,A_C1_1,Good quality: based on automatic validation - Sensor 1 - 111,"rgba(0, 128, 0, 1.0)",,,,,,,,,,,,,,,,,,,,,,,,98536010
235,2025-10-28T05:20:00,4.57,104,111,A_C1_1,Good quality: based on automatic validation - Sensor 1 - 111,"rgba(0, 128, 0, 1.0)",,,,,,,,,,,,,,,,,,,,,,,,98536010
236,2025-10-28T05:25:00,4.58,104,111,A_C1_1,Good quality: based on automatic validation - Sensor 1 - 111,"rgba(0, 128, 0, 1.0)",,,,,,,,,,,,,,,,,,,,,,,,98536010
237,2025-10-28T05:30:00,4.56,104,111,A_C1_1,Good quality: based on automatic validation - Sensor 1 - 111,"rgba(0, 128, 0, 1.0)",,,,,,,,,,,,,,,,,,,,,,,,98536010
238,2025-10-28T05:35:00,4.58,104,111,A_C1_1,Good quality: based on automatic validation - Sensor 1 - 111,"rgba(0, 128, 0, 1.0)",,,,,,,,,,,,,,,,,,,,,,,,98536010
239,2025-10-28T05:40:00,4.56,104,111,A_C1_1,Good quality: based on automatic validation - Sensor 1 - 111,"rgba(0, 128, 0, 1.0)",,,,,,,,,,,,,,,,,,,,,,,,98536010
240,2025-10-28T05:45:00,4.57,104,111,A_C1_1,Good quality: based on automatic validation - Sensor 1 - 111,"rgba(0, 128, 0, 1.0)",,,,,,,,,,,,,,,,,,,,,,,,98536010
241,2025-10-28T05:50:00,4.56,104,111,A_C1_1,Good quality: based on automatic validation - Sensor 1 - 111,"rgba(0, 128, 0, 1.0)",,,,,,,,,,,,,,,,,,,,,,,,98536010
242,2025-10-28T05:55:00,4.57,104,111,A_C1_1,Good quality: based on automatic validation - Sensor 1 - 111,"rgba(0, 128, 0, 1.0)",,,,,,,,,,,,,,,,,,,,,,,,98536010
243,2025-10-28T06:00:00,4.56,104,111,A_C1_1,Good quality: based on automatic validation - Sensor 1 - 111,"rgba(0, 128, 0, 1.0)",,,,,,,,,,,,,,,,,,,,,,,,98536010
244,2025-10-28T06:05:00,4.56,104,111,A_C1_1,Good quality: based on automatic validation - Sensor 1 - 111,"rgba(0, 128, 0, 1.0)",,,,,,,,,,,,,,,,,,,,,,,,98536010
245,2025-10-28T06:10:00,4.54,104,111,A_C1_1,Good quality: based on automatic validation - Sensor 1 - 111,"rgba(0, 128, 0, 1.0)",,,,,,,,,,,,,,,,,,,,,,,,98536010
246,2025-10-28T06:15:00,4.57,104,111,A_C1_1,Good quality: based on automatic validation - Sensor 1 - 111,"rgba(0, 128, 0, 1.0)",,,,,,,,,,,,,,,,,,,,,,,,98536010
247,2025-10-28T06:20:00,4.58,104,111,A_C1_1,Good quality: based on automatic validation - Sensor 1 - 111,"rgba(0, 128, 0, 1.0)",,,,,,,,,,,,,,,,,,,,,,,,98536010
248,2025-10-28T06:25:00,4.59,104,111,A_C1_1,Good quality: based on automatic validation - Sensor 1 - 111,"rgba(0, 128, 0, 1.0)",,,,,,,,,,,,,,,,,,,,,,,,98536010
249,2025-10-28T06:30:00,4.57,104,111,A_C1_1,Good quality: based on automatic validation - Sensor 1 - 111,"rgba(0, 128, 0, 1.0)",,,,,,,,,,,,,,,,,,,,,,,,98536010
250,2025-10-28T06:35:00,4.56,104,111,A_C1_1,Good quality: based on automatic validation - Sensor 1 - 111,"rgba(0, 128, 0, 1.0)",,,,,,,,,,,,,,,,,,,,,,,,98536010
251,2025-10-28T06:40:00,4.57,104,111,A_C1_1,Good quality: based on automatic validation - Sensor 1 - 111,"rgba(0, 128, 0, 1.0)",,,,,,,,,,,,,,,,,,,,,,,,98536010
252,2025-10-28T06:45:00,4.58,104,111,A_C1_1,Good quality: based on automatic validation - Sensor 1 - 111,"rgba(0, 128, 0, 1.0)",,,,,,,,,,,,,,,,,,,,,,,,98536010
253,2025-10-28T06:50:00,4.57,104,111,A_C1_1,Good quality: based on automatic validation - Sensor 1 - 111,"rgba(0, 128, 0, 1.0)",,,,,,,,,,,,,,,,,,,,,,,,98536010
254,2025-10-28T06:55:00,4.59,104,111,A_C1_1,Good quality: based on automatic validation - Sensor 1 - 111,"rgba(0, 128, 0, 1.0)",,,,,,,,,,,,,,,,,,,,,,,,98536010
255,2025-10-28T07:00:00,4.57,104,111,A_C1_1,Good quality: based on automatic validation - Sensor 1 - 111,"rgba(0, 128, 0, 1.0)",,,,,,,,,,,,,,,,,,,,,,,,98536010
256,2025-10-28T07:05:00,4.56,104,111,A_C1_1,Good quality: based on automatic validation - Sensor 1 - 111,"rgba(0, 128, 0, 1.0)",,,,,,,,,,,,,,,,,,,,,,,,98536010
257,2025-10-28T07:10:00,4.57,104,111,A_C1_1,Good quality: based on automatic validation - Sensor 1 - 111,"rgba(0, 128, 0, 1.0)",,,,,,,,,,,,,,,,,,,,,,,,98536010
258,2025-10-28T07:15:00,4.58,104,111,A_C1_1,Good quality: based on automatic validation - Sensor 1 - 111,"rgba(0, 128, 0, 1.0)",,,,,,,,,,,,,,,,,,,,,,,,98536010
259,2025-10-28T07:20:00,4.57,104,111,A_C1_1,Good quality: based on automatic validation - Sensor 1 - 111,"rgba(0, 128, 0, 1.0)",,,,,,,,,,,,,,,,,,,,,,,,98536010
260,2025-10-28T07:25:00,4.58,104,111,A_C1_1,Good quality: based on automatic validation - Sensor 1 - 111,"rgba(0, 128, 0, 1.0)",,,,,,,,,,,,,,,,,,,,,,,,98536010
261,2025-10-28T07:30:00,4.58,104,111,A_C1_1,Good quality: based on automatic validation - Sensor 1 - 111,"rgba(0, 128, 0, 1.0)",,,,,,,,,,,,,,,,,,,,,,,,98536010
262,2025-10-28T07:35:00,4.56,104,111,A_C1_1,Good quality: based on automatic validation - Sensor 1 - 111,"rgba(0, 128, 0, 1.0)",,,,,,,,,,,,,,,,,,,,,,,,98536010
263,2025-10-28T07:40:00,4.56,104,111,A_C1_1,Good quality: based on automatic validation - Sensor 1 - 111,"rgba(0, 128, 0, 1.0)",,,,,,,,,,,,,,,,,,,,,,,,98536010
264,2025-10-28T07:45:00,4.57,104,111,A_C1_1,Good quality: based on automatic validation - Sensor 1 - 111,"rgba(0, 128, 0, 1.0)",,,,,,,,,,,,,,,,,,,,,,,,98536010
265,2025-10-28T07:50:00,4.58,104,111,A_C1_1,Good quality: based on automatic validation - Sensor 1 - 111,"rgba(0, 128, 0, 1.0)",,,,,,,,,,,,,,,,,,,,,,,,98536010
266,2025-10-28T07:55:00,4.57,104,111,A_C1_1,Good quality: based on automatic validation - Sensor 1 - 111,"rgba(0, 128, 0, 1.0)",,,,,,,,,,,,,,,,,,,,,,,,98536010
267,2025-10-28T08:00:00,4.57,104,111,A_C1_1,Good quality: based on automatic validation - Sensor 1 - 111,"rgba(0, 128, 0, 1.0)",,,,,,,,,,,,,,,,,,,,,,,,98536010
268,2025-10-28T08:05:00,4.57,104,111,A_C1_1,Good quality: based on automatic validation - Sensor 1 - 111,"rgba(0, 128, 0, 1.0)",,,,,,,,,,,,,,,,,,,,,,,,98536010
269,2025-10-28T08:10:00,4.58,104,111,A_C1_1,Good quality: based on automatic validation - Sensor 1 - 111,"rgba(0, 128, 0, 1.0)",,,,,,,,,,,,,,,,,,,,,,,,98536010
270,2025-10-28T08:15:00,4.58,104,111,A_C1_1,Good quality: based on automatic validation - Sensor 1 - 111,"rgba(0, 128, 0, 1.0)",,,,,,,,,,,,,,,,,,,,,,,,98536010
271,2025-10-28T08:20:00,4.57,104,111,A_C1_1,Good quality: based on automatic validation - Sensor 1 - 111,"rgba(0, 128, 0, 1.0)",,,,,,,,,,,,,,,,,,,,,,,,98536010
272,2025-10-28T08:25:00,4.58,104,111,A_C1_1,Good quality: based on automatic validation - Sensor 1 - 111,"rgba(0, 128, 0, 1.0)",,,,,,,,,,,,,,,,,,,,,,,,98536010
273,2025-10-28T08:30:00,4.57,104,111,A_C1_1,Good quality: based on automatic validation - Sensor 1 - 111,"rgba(0, 128, 0, 1.0)",,,,,,,,,,,,,,,,,,,,,,,,98536010
274,2025-10-28T08:35:00,4.56,104,111,A_C1_1,Good quality: based on automatic validation - Sensor 1 - 111,"rgba(0, 128, 0, 1.0)",,,,,,,,,,,,,,,,,,,,,,,,98536010
275,2025-10-28T08:40:00,4.57,104,111,A_C1_1,Good quality: based on automatic validation - Sensor 1 - 111,"rgba(0, 128, 0, 1.0)",,,,,,,,,,,,,,,,,,,,,,,,98536010
276,2025-10-28T08:45:00,4.59,104,111,A_C1_1,Good quality: based on automatic validation - Sensor 1 - 111,"rgba(0, 128, 0, 1.0)",,,,,,,,,,,,,,,,,,,,,,,,98536010
277,2025-10-28T08:50:00,4.57,104,111,A_C1_1,Good quality: based on automatic validation - Sensor 1 - 111,"rgba(0, 128, 0, 1.0)",,,,,,,,,,,,,,,,,,,,,,,,98536010
278,2025-10-28T08:55:00,4.59,104,111,A_C1_1,Good quality: based on automatic validation - Sensor 1 - 111,"rgba(0, 128, 0, 1.0)",,,,,,,,,,,,,,,,,,,,,,,,98536010
279,2025-10-28T09:00:00,4.56,104,111,A_C1_1,Good quality: based on automatic validation - Sensor 1 - 111,"rgba(0, 128, 0, 1.0)",,,,,,,,,,,,,,,,,,,,,,,,98536010
280,2025-10-28T09:05:00,4.55,104,111,A_C1_1,Good quality: based on automatic validation - Sensor 1 - 111,"rgba(0, 128, 0, 1.0)",,,,,,,,,,,,,,,,,,,,,,,,98536010
281,2025-10-28T09:10:00,4.58,104,111,A_C1_1,Good quality: based on automatic validation - Sensor 1 - 111,"rgba(0, 128, 0, 1.0)",,,,,,,,,,,,,,,,,,,,,,,,98536010
282,2025-10-28T09:15:00,4.59,104,111,A_C1_1,Good quality: based on automatic validation - Sensor 1 - 111,"rgba(0, 128, 0, 1.0)",,,,,,,,,,,,,,,,,,,,,,,,98536010
283,2025-10-28T09:20:00,4.58,104,111,A_C1_1,Good quality: based on automatic validation - Sensor 1 - 111,"rgba(0, 128, 0, 1.0)",,,,,,,,,,,,,,,,,,,,,,,,98536010
284,2025-10-28T09:25:00,4.59,104,111,A_C1_1,Good quality: based on automatic validation - Sensor 1 - 111,"rgba(0, 128, 0, 1.0)",,,,,,,,,,,,,,,,,,,,,,,,98536010
285,2025-10-28T09:30:00,4.57,104,111,A_C1_1,Good quality: based on automatic validation - Sensor 1 - 111,"rgba(0, 128, 0, 1.0)",,,,,,,,,,,,,,,,,,,,,,,,98536010
286,2025-10-28T09:35:00,4.58,104,111,A_C1_1,Good quality: based on automatic validation - Sensor 1 - 111,"rgba(0, 128, 0, 1.0)",,,,,,,,,,,,,,,,,,,,,,,,98536010
287,2025-10-28T09:40:00,4.54,104,111,A_C1_1,Good quality: based on automatic validation - Sensor 1 - 111,"rgba(0, 128, 0, 1.0)",,,,,,,,,,,,,,,,,,,,,,,,98536010
288,2025-10-28T09:45:00,4.56,104,111,A_C1_1,Good quality: based on automatic validation - Sensor 1 - 111,"rgba(0, 128, 0, 1.0)",,,,,,,,,,,,,,,,,,,,,,,,98536010
289,2025-10-28T09:50:00,4.56,104,111,A_C1_1,Good quality: based on automatic validation - Sensor 1 - 111,"rgba(0, 128, 0, 1.0)",,,,,,,,,,,,,,,,,,,,,,,,98536010
290,2025-10-28T09:55:00,4.57,104,111,A_C1_1,Good quality: based on automatic validation - Sensor 1 - 111,"rgba(0, 128, 0, 1.0)",,,,,,,,,,,,,,,,,,,,,,,,98536010
291,2025-10-28T10:00:00,4.58,104,111,A_C1_1,Good quality: based on automatic validation - Sensor 1 - 111,"rgba(0, 128, 0, 1.0)",,,,,,,,,,,,,,,,,,,,,,,,98536010
292,2025-10-28T10:05:00,4.57,104,111,A_C1_1,Good quality: based on automatic validation - Sensor 1 - 111,"rgba(0, 128, 0, 1.0)",,,,,,,,,,,,,,,,,,,,,,,,98536010
293,2025-10-28T10:10:00,4.57,104,111,A_C1_1,Good quality: based on automatic validation - Sensor 1 - 111,"rgba(0, 128, 0, 1.0)",,,,,,,,,,,,,,,,,,,,,,,,98536010
294,2025-10-28T10:15:00,4.57,104,111,A_C1_1,Good quality: based on automatic validation - Sensor 1 - 111,"rgba(0, 128, 0, 1.0)",,,,,,,,,,,,,,,,,,,,,,,,98536010
295,2025-10-28T10:20:00,4.58,104,111,A_C1_1,Good quality: based on automatic validation - Sensor 1 - 111,"rgba(0, 128, 0, 1.0)",,,,,,,,,,,,,,,,,,,,,,,,98536010
296,2025-10-28T10:25:00,4.58,104,111,A_C1_1,Good quality: based on automatic validation - Sensor 1 - 111,"rgba(0, 128, 0, 1.0)",,,,,,,,,,,,,,,,,,,,,,,,98536010
297,2025-10-28T10:30:00,4.58,104,111,A_C1_1,Good quality: based on automatic validation - Sensor 1 - 111,"rgba(0, 128, 0, 1.0)",,,,,,,,,,,,,,,,,,,,,,,,98536010
298,2025-10-28T10:35:00,4.57,104,111,A_C1_1,Good quality: based on automatic validation - Sensor 1 - 111,"rgba(0, 128, 0, 1.0)",,,,,,,,,,,,,,,,,,,,,,,,98536010
299,2025-10-28T10:40:00,4.6,104,111,A_C1_1,Good quality: based on automatic validation - Sensor 1 - 111,"rgba(0, 128, 0, 1.0)",,,,,,,,,,,,,,,,,,,,,,,,98536010
300,2025-10-28T10:45:00,4.59,104,111,A_C1_1,Good quality: based on automatic validation - Sensor 1 - 111,"rgba(0, 128, 0, 1.0)",,,,,,,,,,,,,,,,,,,,,,,,98536010
301,2025-10-28T10:50:00,4.57,104,111,A_C1_1,Good quality: based on automatic validation - Sensor 1 - 111,"rgba(0, 128, 0, 1.0)",,,,,,,,,,,,,,,,,,,,,,,,98536010
302,2025-10-28T10:55:00,4.58,104,111,A_C1_1,Good quality: based on automatic validation - Sensor 1 - 111,"rgba(0, 128, 0, 1.0)",,,,,,,,,,,,,,,,,,,,,,,,98536010
303,2025-10-28T11:00:00,4.6,104,111,A_C1_1,Good quality: based on automatic validation - Sensor 1 - 111,"rgba(0, 128, 0, 1.0)",,,,,,,,,,,,,,,,,,,,,,,,98536010
304,2025-10-28T11:05:00,4.57,104,111,A_C1_1,Good quality: based on automatic validation - Sensor 1 - 111,"rgba(0, 128, 0, 1.0)",,,,,,,,,,,,,,,,,,,,,,,,98536010
305,2025-10-28T11:10:00,4.56,104,111,A_C1_1,Good quality: based on automatic validation - Sensor 1 - 111,"rgba(0, 128, 0, 1.0)",,,,,,,,,,,,,,,,,,,,,,,,98536010
306,2025-10-28T11:15:00,4.57,104,111,A_C1_1,Good quality: based on automatic validation - Sensor 1 - 111,"rgba(0, 128, 0, 1.0)",,,,,,,,,,,,,,,,,,,,,,,,98536010
307,2025-10-28T11:20:00,4.56,104,111,A_C1_1,Good quality: based on automatic validation - Sensor 1 - 111,"rgba(0, 128, 0, 1.0)",,,,,,,,,,,,,,,,,,,,,,,,98536010
308,2025-10-28T11:25:00,4.56,104,111,A_C1_1,Good quality: based on automatic validation - Sensor 1 - 111,"rgba(0, 128, 0, 1.0)",,,,,,,,,,,,,,,,,,,,,,,,98536010
309,2025-10-28T11:30:00,4.58,104,111,A_C1_1,Good quality: based on automatic validation - Sensor 1 - 111,"rgba(0, 128, 0, 1.0)",,,,,,,,,,,,,,,,,,,,,,,,98536010
310,2025-10-28T11:35:00,4.58,104,111,A_C1_1,Good quality: based on automatic validation - Sensor 1 - 111,"rgba(0, 128, 0, 1.0)",,,,,,,,,,,,,,,,,,,,,,,,98536010
311,2025-10-28T11:40:00,4.56,104,111,A_C1_1,Good quality: based on automatic validation - Sensor 1 - 111,"rgba(0, 128, 0, 1.0)",,,,,,,,,,,,,,,,,,,,,,,,98536010
312,2025-10-28T11:45:00,4.57,104,111,A_C1_1,Good quality: based on automatic validation - Sensor 1 - 111,"rgba(0, 128, 0, 1.0)",,,,,,,,,,,,,,,,,,,,,,,,98536010
313,2025-10-28T11:50:00,4.58,104,111,A_C1_1,Good quality: based on automatic validation - Sensor 1 - 111,"rgba(0, 128, 0, 1.0)",,,,,,,,,,,,,,,,,,,,,,,,98536010
314,2025-10-28T11:55:00,4.56,104,111,A_C1_1,Good quality: based on automatic validation - Sensor 1 - 111,"rgba(0, 128, 0, 1.0)",,,,,,,,,,,,,,,,,,,,,,,,98536010
315,2025-10-28T12:00:00,4.58,104,111,A_C1_1,Good quality: based on automatic validation - Sensor 1 - 111,"rgba(0, 128, 0, 1.0)",,,,,,,,,,,,,,,,,,,,,,,,98536010
316,2025-10-28T12:05:00,4.6,104,111,A_C1_1,Good quality: based on automatic validation - Sensor 1 - 111,"rgba(0, 128, 0, 1.0)",,,,,,,,,,,,,,,,,,,,,,,,98536010
317,2025-10-28T12:10:00,4.58,104,111,A_C1_1,Good quality: based on automatic validation - Sensor 1 - 111,"rgba(0, 128, 0, 1.0)",,,,,,,,,,,,,,,,,,,,,,,,98536010
318,2025-10-28T12:15:00,4.58,104,111,A_C1_1,Good quality: based on automatic validation - Sensor 1 - 111,"rgba(0, 128, 0, 1.0)",,,,,,,,,,,,,,,,,,,,,,,,98536010
319,2025-10-28T12:20:00,4.53,104,111,A_C1_1,Good quality: based on automatic validation - Sensor 1 - 111,"rgba(0, 128, 0, 1.0)",,,,,,,,,,,,,,,,,,,,,,,,98536010
320,2025-10-28T12:25:00,4.58,104,111,A_C1_1,Good quality: based on automatic validation - Sensor 1 - 111,"rgba(0, 128, 0, 1.0)",,,,,,,,,,,,,,,,,,,,,,,,98536010
321,2025-10-28T12:30:00,4.54,104,111,A_C1_1,Good quality: based on automatic validation - Sensor 1 - 111,"rgba(0, 128, 0, 1.0)",,,,,,,,,,,,,,,,,,,,,,,,98536010
322,2025-10-28T12:35:00,4.59,104,111,A_C1_1,Good quality: based on automatic validation - Sensor 1 - 111,"rgba(0, 128, 0, 1.0)",,,,,,,,,,,,,,,,,,,,,,,,98536010
323,2025-10-28T12:40:00,4.55,104,111,A_C1_1,Good quality: based on automatic validation - Sensor 1 - 111,"rgba(0, 128, 0, 1.0)",,,,,,,,,,,,,,,,,,,,,,,,98536010
324,2025-10-28T12:45:00,4.58,104,111,A_C1_1,Good quality: based on automatic validation - Sensor 1 - 111,"rgba(0, 128, 0, 1.0)",,,,,,,,,,,,,,,,,,,,,,,,98536010
325,2025-10-28T12:50:00,4.56,104,111,A_C1_1,Good quality: based on automatic validation - Sensor 1 - 111,"rgba(0, 128, 0, 1.0)",,,,,,,,,,,,,,,,,,,,,,,,98536010
326,2025-10-28T12:55:00,4.57,104,111,A_C1_1,Good quality: based on automatic validation - Sensor 1 - 111,"rgba(0, 128, 0, 1.0)",,,,,,,,,,,,,,,,,,,,,,,,98536010
327,2025-10-28T13:00:00,4.57,104,111,A_C1_1,Good quality: based on automatic validation - Sensor 1 - 111,"rgba(0, 128, 0, 1.0)",,,,,,,,,,,,,,,,,,,,,,,,98536010
328,2025-10-28T13:05:00,4.58,104,111,A_C1_1,Good quality: based on automatic validation - Sensor 1 - 111,"rgba(0, 128, 0, 1.0)",,,,,,,,,,,,,,,,,,,,,,,,98536010
329,2025-10-28T13:10:00,4.58,104,111,A_C1_1,Good quality: based on automatic validation - Sensor 1 - 111,"rgba(0, 128, 0, 1.0)",,,,,,,,,,,,,,,,,,,,,,,,98536010
330,2025-10-28T13:15:00,4.56,104,111,A_C1_1,Good quality: based on automatic validation - Sensor 1 - 111,"rgba(0, 128, 0, 1.0)",,,,,,,,,,,,,,,,,,,,,,,,98536010
331,2025-10-28T13:20:00,4.56,104,111,A_C1_1,Good quality: based on automatic validation - Sensor 1 - 111,"rgba(0, 128, 0, 1.0)",,,,,,,,,,,,,,,,,,,,,,,,98536010
332,2025-10-28T13:25:00,4.58,104,111,A_C1_1,Good quality: based on automatic validation - Sensor 1 - 111,"rgba(0, 128, 0, 1.0)",,,,,,,,,,,,,,,,,,,,,,,,98536010
333,2025-10-28T13:30:00,4.59,104,111,A_C1_1,Good quality: based on automatic validation - Sensor 1 - 111,"rgba(0, 128, 0, 1.0)",,,,,,,,,,,,,,,,,,,,,,,,98536010
334,2025-10-28T13:35:00,4.57,104,111,A_C1_1,Good quality: based on automatic validation - Sensor 1 - 111,"rgba(0, 128, 0, 1.0)",,,,,,,,,,,,,,,,,,,,,,,,98536010
335,2025-10-28T13:40:00,4.56,104,111,A_C1_1,Good quality: based on automatic validation - Sensor 1 - 111,"rgba(0, 128, 0, 1.0)",,,,,,,,,,,,,,,,,,,,,,,,98536010
336,2025-10-28T13:45:00,4.57,104,111,A_C1_1,Good quality: based on automatic validation - Sensor 1 - 111,"rgba(0, 128, 0, 1.0)",,,,,,,,,,,,,,,,,,,,,,,,98536010
337,2025-10-28T13:50:00,4.58,104,111,A_C1_1,Good quality: based on automatic validation - Sensor 1 - 111,"rgba(0, 128, 0, 1.0)",,,,,,,,,,,,,,,,,,,,,,,,98536010
338,2025-10-28T13:55:00,4.58,104,111,A_C1_1,Good quality: based on automatic validation - Sensor 1 - 111,"rgba(0, 128, 0, 1.0)",,,,,,,,,,,,,,,,,,,,,,,,98536010
339,2025-10-28T14:00:00,4.57,104,111,A_C1_1,Good quality: based on automatic validation - Sensor 1 - 111,"rgba(0, 128, 0, 1.0)",,,,,,,,,,,,,,,,,,,,,,,,98536010
340,2025-10-28T14:05:00,4.6,104,111,A_C1_1,Good quality: based on automatic validation - Sensor 1 - 111,"rgba(0, 128, 0, 1.0)",,,,,,,,,,,,,,,,,,,,,,,,98536010
341,2025-10-28T14:10:00,4.56,104,111,A_C1_1,Good quality: based on automatic validation - Sensor 1 - 111,"rgba(0, 128, 0, 1.0)",,,,,,,,,,,,,,,,,,,,,,,,98536010
342,2025-10-28T14:15:00,4.57,104,111,A_C1_1,Good quality: based on automatic validation - Sensor 1 - 111,"rgba(0, 128, 0, 1.0)",,,,,,,,,,,,,,,,,,,,,,,,98536010
343,2025-10-28T14:20:00,4.58,104,111,A_C1_1,Good quality: based on automatic validation - Sensor 1 - 111,"rgba(0, 128, 0, 1.0)",,,,,,,,,,,,,,,,,,,,,,,,98536010
344,2025-10-28T14:25:00,4.59,104,111,A_C1_1,Good quality: based on automatic validation - Sensor 1 - 111,"rgba(0, 128, 0, 1.0)",,,,,,,,,,,,,,,,,,,,,,,,98536010
345,2025-10-28T14:30:00,4.57,104,111,A_C1_1,Good quality: based on automatic validation - Sensor 1 - 111,"rgba(0, 128, 0, 1.0)",,,,,,,,,,,,,,,,,,,,,,,,98536010
346,2025-10-28T14:35:00,4.59,104,111,A_C1_1,Good quality: based on automatic validation - Sensor 1 - 111,"rgba(0, 128, 0, 1.0)",,,,,,,,,,,,,,,,,,,,,,,,98536010
347,2025-10-28T14:40:00,4.58,104,111,A_C1_1,Good quality: based on automatic validation - Sensor 1 - 111,"rgba(0, 128, 0, 1.0)",,,,,,,,,,,,,,,,,,,,,,,,98536010
348,2025-10-28T14:45:00,4.57,104,111,A_C1_1,Good quality: based on automatic validation - Sensor 1 - 111,"rgba(0, 128, 0, 1.0)",,,,,,,,,,,,,,,,,,,,,,,,98536010
349,2025-10-28T14:50:00,4.56,104,111,A_C1_1,Good quality: based on automatic validation - Sensor 1 - 111,"rgba(0, 128, 0, 1.0)",,,,,,,,,,,,,,,,,,,,,,,,98536010
350,2025-10-28T14:55:00,4.59,104,111,A_C1_1,Good quality: based on automatic validation - Sensor 1 - 111,"rgba(0, 128, 0, 1.0)",,,,,,,,,,,,,,,,,,,,,,,,98536010
351,2025-10-28T15:00:00,4.6,104,111,A_C1_1,Good quality: based on automatic validation - Sensor 1 - 111,"rgba(0, 128, 0, 1.0)",,,,,,,,,,,,,,,,,,,,,,,,98536010
352,2025-10-28T15:05:00,4.57,104,111,A_C1_1,Good quality: based on automatic validation - Sensor 1 - 111,"rgba(0, 128, 0, 1.0)",,,,,,,,,,,,,,,,,,,,,,,,98536010
353,2025-10-28T15:10:00,4.58,104,111,A_C1_1,Good quality: based on automatic validation - Sensor 1 - 111,"rgba(0, 128, 0, 1.0)",,,,,,,,,,,,,,,,,,,,,,,,98536010
354,2025-10-28T15:15:00,4.58,104,111,A_C1_1,Good quality: based on automatic validation - Sensor 1 - 111,"rgba(0, 128, 0, 1.0)",,,,,,,,,,,,,,,,,,,,,,,,98536010
355,2025-10-28T15:20:00,4.56,104,111,A_C1_1,Good quality: based on automatic validation - Sensor 1 - 111,"rgba(0, 128, 0, 1.0)",,,,,,,,,,,,,,,,,,,,,,,,98536010
356,2025-10-28T15:25:00,4.58,104,111,A_C1_1,Good quality: based on automatic validation - Sensor 1 - 111,"rgba(0, 128, 0, 1.0)",,,,,,,,,,,,,,,,,,,,,,,,98536010
357,2025-10-28T15:30:00,4.59,104,111,A_C1_1,Good quality: based on automatic validation - Sensor 1 - 111,"rgba(0, 128, 0, 1.0)",,,,,,,,,,,,,,,,,,,,,,,,98536010
358,2025-10-28T15:35:00,4.57,104,111,A_C1_1,Good quality: based on automatic validation - Sensor 1 - 111,"rgba(0, 128, 0, 1.0)",,,,,,,,,,,,,,,,,,,,,,,,98536010
359,2025-10-28T15:40:00,4.59,104,111,A_C1_1,Good quality: based on automatic validation - Sensor 1 - 111,"rgba(0, 128, 0, 1.0)",,,,,,,,,,,,,,,,,,,,,,,,98536010
360,2025-10-28T15:45:00,4.59,104,111,A_C1_1,Good quality: based on automatic validation - Sensor 1 - 111,"rgba(0, 128, 0, 1.0)",,,,,,,,,,,,,,,,,,,,,,,,98536010
361,2025-10-28T15:50:00,4.6,104,111,A_C1_1,Good quality: based on automatic validation - Sensor 1 - 111,"rgba(0, 128, 0, 1.0)",,,,,,,,,,,,,,,,,,,,,,,,98536010
362,2025-10-28T15:55:00,4.57,104,111,A_C1_1,Good quality: based on automatic validation - Sensor 1 - 111,"rgba(0, 128, 0, 1.0)",,,,,,,,,,,,,,,,,,,,,,,,98536010
363,2025-10-28T16:00:00,4.58,104,111,A_C1_1,Good quality: based on automatic validation - Sensor 1 - 111,"rgba(0, 128, 0, 1.0)",,,,,,,,,,,,,,,,,,,,,,,,98536010
364,2025-10-28T16:05:00,4.6,104,111,A_C1_1,Good quality: based on automatic validation - Sensor 1 - 111,"rgba(0, 128, 0, 1.0)",,,,,,,,,,,,,,,,,,,,,,,,98536010
365,2025-10-28T16:10:00,4.53,104,111,A_C1_1,Good quality: based on automatic validation - Sensor 1 - 111,"rgba(0, 128, 0, 1.0)",,,,,,,,,,,,,,,,,,,,,,,,98536010
366,2025-10-28T16:15:00,4.57,104,111,A_C1_1,Good quality: based on automatic validation - Sensor 1 - 111,"rgba(0, 128, 0, 1.0)",,,,,,,,,,,,,,,,,,,,,,,,98536010
367,2025-10-28T16:20:00,4.59,104,111,A_C1_1,Good quality: based on automatic validation - Sensor 1 - 111,"rgba(0, 128, 0, 1.0)",,,,,,,,,,,,,,,,,,,,,,,,98536010
368,2025-10-28T16:25:00,4.58,104,111,A_C1_1,Good quality: based on automatic validation - Sensor 1 - 111,"rgba(0, 128, 0, 1.0)",,,,,,,,,,,,,,,,,,,,,,,,98536010
369,2025-10-28T16:30:00,4.58,104,111,A_C1_1,Good quality: based on automatic validation - Sensor 1 - 111,"rgba(0, 128, 0, 1.0)",,,,,,,,,,,,,,,,,,,,,,,,98536010
370,2025-10-28T16:35:00,4.58,104,111,A_C1_1,Good quality: based on automatic validation - Sensor 1 - 111,"rgba(0, 128, 0, 1.0)",,,,,,,,,,,,,,,,,,,,,,,,98536010
371,2025-10-28T16:40:00,4.59,104,111,A_C1_1,Good quality: based on automatic validation - Sensor 1 - 111,"rgba(0, 128, 0, 1.0)",,,,,,,,,,,,,,,,,,,,,,,,98536010
372,2025-10-28T16:45:00,4.59,104,111,A_C1_1,Good quality: based on automatic validation - Sensor 1 - 111,"rgba(0, 128, 0, 1.0)",,,,,,,,,,,,,,,,,,,,,,,,98536010
373,2025-10-28T16:50:00,4.59,104,111,A_C1_1,Good quality: based on automatic validation - Sensor 1 - 111,"rgba(0, 128, 0, 1.0)",,,,,,,,,,,,,,,,,,,,,,,,98536010
374,2025-10-28T16:55:00,4.58,104,111,A_C1_1,Good quality: based on automatic validation - Sensor 1 - 111,"rgba(0, 128, 0, 1.0)",,,,,,,,,,,,,,,,,,,,,,,,98536010
375,2025-10-28T17:00:00,4.58,104,111,A_C1_1,Good quality: based on automatic validation - Sensor 1 - 111,"rgba(0, 128, 0, 1.0)",,,,,,,,,,,,,,,,,,,,,,,,98536010
376,2025-10-28T17:05:00,4.59,104,111,A_C1_1,Good quality: based on automatic validation - Sensor 1 - 111,"rgba(0, 128, 0, 1.0)",,,,,,,,,,,,,,,,,,,,,,,,98536010
377,2025-10-28T17:10:00,4.58,104,111,A_C1_1,Good quality: based on automatic validation - Sensor 1 - 111,"rgba(0, 128, 0, 1.0)",,,,,,,,,,,,,,,,,,,,,,,,98536010
378,2025-10-28T17:15:00,4.6,104,111,A_C1_1,Good quality: based on automatic validation - Sensor 1 - 111,"rgba(0, 128, 0, 1.0)",,,,,,,,,,,,,,,,,,,,,,,,98536010
379,2025-10-28T17:20:00,4.58,104,111,A_C1_1,Good quality: based on automatic validation - Sensor 1 - 111,"rgba(0, 128, 0, 1.0)",,,,,,,,,,,,,,,,,,,,,,,,98536010
380,2025-10-28T17:25:00,4.59,104,111,A_C1_1,Good quality: based on automatic validation - Sensor 1 - 111,"rgba(0, 128, 0, 1.0)",,,,,,,,,,,,,,,,,,,,,,,,98536010
381,2025-10-28T17:30:00,4.6,104,111,A_C1_1,Good quality: based on automatic validation - Sensor 1 - 111,"rgba(0, 128, 0, 1.0)",,,,,,,,,,,,,,,,,,,,,,,,98536010
382,2025-10-28T17:35:00,4.56,104,111,A_C1_1,Good quality: based on automatic validation - Sensor 1 - 111,"rgba(0, 128, 0, 1.0)",,,,,,,,,,,,,,,,,,,,,,,,98536010
383,2025-10-28T17:40:00,4.59,104,111,A_C1_1,Good quality: based on automatic validation - Sensor 1 - 111,"rgba(0, 128, 0, 1.0)",,,,,,,,,,,,,,,,,,,,,,,,98536010
384,2025-10-28T17:45:00,4.59,104,111,A_C1_1,Good quality: based on automatic validation - Sensor 1 - 111,"rgba(0, 128, 0, 1.0)",,,,,,,,,,,,,,,,,,,,,,,,98536010
385,2025-10-28T17:50:00,4.58,104,111,A_C1_1,Good quality: based on automatic validation - Sensor 1 - 111,"rgba(0, 128, 0, 1.0)",,,,,,,,,,,,,,,,,,,,,,,,98536010
386,2025-10-28T17:55:00,4.6,104,111,A_C1_1,Good quality: based on automatic validation - Sensor 1 - 111,"rgba(0, 128, 0, 1.0)",,,,,,,,,,,,,,,,,,,,,,,,98536010
387,2025-10-28T18:00:00,4.57,104,111,A_C1_1,Good quality: based on automatic validation - Sensor 1 - 111,"rgba(0, 128, 0, 1.0)",,,,,,,,,,,,,,,,,,,,,,,,98536010
388,2025-10-28T18:05:00,4.59,104,111,A_C1_1,Good quality: based on automatic validation - Sensor 1 - 111,"rgba(0, 128, 0, 1.0)",,,,,,,,,,,,,,,,,,,,,,,,98536010
389,2025-10-28T18:10:00,4.58,104,111,A_C1_1,Good quality: based on automatic validation - Sensor 1 - 111,"rgba(0, 128, 0, 1.0)",,,,,,,,,,,,,,,,,,,,,,,,98536010
390,2025-10-28T18:15:00,4.6,104,111,A_C1_1,Good quality: based on automatic validation - Sensor 1 - 111,"rgba(0, 128, 0, 1.0)",,,,,,,,,,,,,,,,,,,,,,,,98536010
391,2025-10-28T18:20:00,4.59,104,111,A_C1_1,Good quality: based on automatic validation - Sensor 1 - 111,"rgba(0, 128, 0, 1.0)",,,,,,,,,,,,,,,,,,,,,,,,98536010
392,2025-10-28T18:25:00,4.6,104,111,A_C1_1,Good quality: based on automatic validation - Sensor 1 - 111,"rgba(0, 128, 0, 1.0)",,,,,,,,,,,,,,,,,,,,,,,,98536010
393,2025-10-28T18:30:00,4.59,104,111,A_C1_1,Good quality: based on automatic validation - Sensor 1 - 111,"rgba(0, 128, 0, 1.0)",,,,,,,,,,,,,,,,,,,,,,,,98536010
394,2025-10-28T18:35:00,4.6,104,111,A_C1_1,Good quality: based on automatic validation - Sensor 1 - 111,"rgba(0, 128, 0, 1.0)",,,,,,,,,,,,,,,,,,,,,,,,98536010
395,2025-10-28T18:40:00,4.6,104,111,A_C1_1,Good quality: based on automatic validation - Sensor 1 - 111,"rgba(0, 128, 0, 1.0)",,,,,,,,,,,,,,,,,,,,,,,,98536010
396,2025-10-28T18:45:00,4.59,104,111,A_C1_1,Good quality: based on automatic validation - Sensor 1 - 111,"rgba(0, 128, 0, 1.0)",,,,,,,,,,,,,,,,,,,,,,,,98536010
397,2025-10-28T18:50:00,4.57,104,111,A_C1_1,Good quality: based on automatic validation - Sensor 1 - 111,"rgba(0, 128, 0, 1.0)",,,,,,,,,,,,,,,,,,,,,,,,98536010
398,2025-10-28T18:55:00,4.59,104,111,A_C1_1,Good quality: based on automatic validation - Sensor 1 - 111,"rgba(0, 128, 0, 1.0)",,,,,,,,,,,,,,,,,,,,,,,,98536010
399,2025-10-28T19:00:00,4.6,104,111,A_C1_1,Good quality: based on automatic validation - Sensor 1 - 111,"rgba(0, 128, 0, 1.0)",,,,,,,,,,,,,,,,,,,,,,,,98536010
400,2025-10-28T19:05:00,4.59,104,111,A_C1_1,Good quality: based on automatic validation - Sensor 1 - 111,"rgba(0, 128, 0, 1.0)",,,,,,,,,,,,,,,,,,,,,,,,98536010
401,2025-10-28T19:10:00,4.57,104,111,A_C1_1,Good quality: based on automatic validation - Sensor 1 - 111,"rgba(0, 128, 0, 1.0)",,,,,,,,,,,,,,,,,,,,,,,,98536010
402,2025-10-28T19:15:00,4.6,104,111,A_C1_1,Good quality: based on automatic validation - Sensor 1 - 111,"rgba(0, 128, 0, 1.0)",,,,,,,,,,,,,,,,,,,,,,,,98536010
403,2025-10-28T19:20:00,4.6,104,111,A_C1_1,Good quality: based on automatic validation - Sensor 1 - 111,"rgba(0, 128, 0, 1.0)",,,,,,,,,,,,,,,,,,,,,,,,98536010
404,2025-10-28T19:25:00,4.59,104,111,A_C1_1,Good quality: based on automatic validation - Sensor 1 - 111,"rgba(0, 128, 0, 1.0)",,,,,,,,,,,,,,,,,,,,,,,,98536010
405,2025-10-28T19:30:00,4.62,104,111,A_C1_1,Good quality: based on automatic validation - Sensor 1 - 111,"rgba(0, 128, 0, 1.0)",,,,,,,,,,,,,,,,,,,,,,,,98536010
406,2025-10-28T19:35:00,4.59,104,111,A_C1_1,Good quality: based on automatic validation - Sensor 1 - 111,"rgba(0, 128, 0, 1.0)",,,,,,,,,,,,,,,,,,,,,,,,98536010
407,2025-10-28T19:40:00,4.59,104,111,A_C1_1,Good quality: based on automatic validation - Sensor 1 - 111,"rgba(0, 128, 0, 1.0)",,,,,,,,,,,,,,,,,,,,,,,,98536010
408,2025-10-28T19:45:00,4.58,104,111,A_C1_1,Good quality: based on automatic validation - Sensor 1 - 111,"rgba(0, 128, 0, 1.0)",,,,,,,,,,,,,,,,,,,,,,,,98536010
409,2025-10-28T19:50:00,4.6,104,111,A_C1_1,Good quality: based on automatic validation - Sensor 1 - 111,"rgba(0, 128, 0, 1.0)",,,,,,,,,,,,,,,,,,,,,,,,98536010
410,2025-10-28T19:55:00,4.58,104,111,A_C1_1,Good quality: based on automatic validation - Sensor 1 - 111,"rgba(0, 128, 0, 1.0)",,,,,,,,,,,,,,,,,,,,,,,,98536010
411,2025-10-28T20:00:00,4.59,104,111,A_C1_1,Good quality: based on automatic validation - Sensor 1 - 111,"rgba(0, 128, 0, 1.0)",,,,,,,,,,,,,,,,,,,,,,,,98536010
412,2025-10-28T20:05:00,4.59,104,111,A_C1_1,Good quality: based on automatic validation - Sensor 1 - 111,"rgba(0, 128, 0, 1.0)",,,,,,,,,,,,,,,,,,,,,,,,98536010
413,2025-10-28T20:10:00,4.58,104,111,A_C1_1,Good quality: based on automatic validation - Sensor 1 - 111,"rgba(0, 128, 0, 1.0)",,,,,,,,,,,,,,,,,,,,,,,,98536010
414,2025-10-28T20:15:00,4.59,104,111,A_C1_1,Good quality: based on automatic validation - Sensor 1 - 111,"rgba(0, 128, 0, 1.0)",,,,,,,,,,,,,,,,,,,,,,,,98536010
415,2025-10-28T20:20:00,4.6,104,111,A_C1_1,Good quality: based on automatic validation - Sensor 1 - 111,"rgba(0, 128, 0, 1.0)",,,,,,,,,,,,,,,,,,,,,,,,98536010
416,2025-10-28T20:25:00,4.6,104,111,A_C1_1,Good quality: based on automatic validation - Sensor 1 - 111,"rgba(0, 128, 0, 1.0)",,,,,,,,,,,,,,,,,,,,,,,,98536010
417,2025-10-28T20:30:00,4.59,104,111,A_C1_1,Good quality: based on automatic validation - Sensor 1 - 111,"rgba(0, 128, 0, 1.0)",,,,,,,,,,,,,,,,,,,,,,,,98536010
418,2025-10-28T20:35:00,4.61,104,111,A_C1_1,Good quality: based on automatic validation - Sensor 1 - 111,"rgba(0, 128, 0, 1.0)",,,,,,,,,,,,,,,,,,,,,,,,98536010
419,2025-10-28T20:40:00,4.59,104,111,A_C1_1,Good quality: based on automatic validation - Sensor 1 - 111,"rgba(0, 128, 0, 1.0)",,,,,,,,,,,,,,,,,,,,,,,,98536010
420,2025-10-28T20:45:00,4.6,104,111,A_C1_1,Good quality: based on automatic validation - Sensor 1 - 111,"rgba(0, 128, 0, 1.0)",,,,,,,,,,,,,,,,,,,,,,,,98536010
421,2025-10-28T20:50:00,4.6,104,111,A_C1_1,Good quality: based on automatic validation - Sensor 1 - 111,"rgba(0, 128, 0, 1.0)",,,,,,,,,,,,,,,,,,,,,,,,98536010
422,2025-10-28T20:55:00,4.59,104,111,A_C1_1,Good quality: based on automatic validation - Sensor 1 - 111,"rgba(0, 128, 0, 1.0)",,,,,,,,,,,,,,,,,,,,,,,,98536010
423,2025-10-28T21:00:00,4.6,104,111,A_C1_1,Good quality: based on automatic validation - Sensor 1 - 111,"rgba(0, 128, 0, 1.0)",,,,,,,,,,,,,,,,,,,,,,,,98536010
424,2025-10-28T21:05:00,4.6,104,111,A_C1_1,Good quality: based on automatic validation - Sensor 1 - 111,"rgba(0, 128, 0, 1.0)",,,,,,,,,,,,,,,,,,,,,,,,98536010
425,2025-10-28T21:10:00,4.6,104,111,A_C1_1,Good quality: based on automatic validation - Sensor 1 - 111,"rgba(0, 128, 0, 1.0)",,,,,,,,,,,,,,,,,,,,,,,,98536010
426,2025-10-28T21:15:00,4.61,104,111,A_C1_1,Good quality: based on automatic validation - Sensor 1 - 111,"rgba(0, 128, 0, 1.0)",,,,,,,,,,,,,,,,,,,,,,,,98536010
427,2025-10-28T21:20:00,4.6,104,111,A_C1_1,Good quality: based on automatic validation - Sensor 1 - 111,"rgba(0, 128, 0, 1.0)",,,,,,,,,,,,,,,,,,,,,,,,98536010
428,2025-10-28T21:25:00,4.6,104,111,A_C1_1,Good quality: based on automatic validation - Sensor 1 - 111,"rgba(0, 128, 0, 1.0)",,,,,,,,,,,,,,,,,,,,,,,,98536010
429,2025-10-28T21:30:00,4.61,104,111,A_C1_1,Good quality: based on automatic validation - Sensor 1 - 111,"rgba(0, 128, 0, 1.0)",,,,,,,,,,,,,,,,,,,,,,,,98536010
430,2025-10-28T21:35:00,4.59,104,111,A_C1_1,Good quality: based on automatic validation - Sensor 1 - 111,"rgba(0, 128, 0, 1.0)",,,,,,,,,,,,,,,,,,,,,,,,98536010
431,2025-10-28T21:40:00,4.6,104,111,A_C1_1,Good quality: based on automatic validation - Sensor 1 - 111,"rgba(0, 128, 0, 1.0)",,,,,,,,,,,,,,,,,,,,,,,,98536010
432,2025-10-28T21:45:00,4.61,104,111,A_C1_1,Good quality: based on automatic validation - Sensor 1 - 111,"rgba(0, 128, 0, 1.0)",,,,,,,,,,,,,,,,,,,,,,,,98536010
433,2025-10-28T21:50:00,4.59,104,111,A_C1_1,Good quality: based on automatic validation - Sensor 1 - 111,"rgba(0, 128, 0, 1.0)",,,,,,,,,,,,,,,,,,,,,,,,98536010
434,2025-10-28T21:55:00,4.6,104,111,A_C1_1,Good quality: based on automatic validation - Sensor 1 - 111,"rgba(0, 128, 0, 1.0)",,,,,,,,,,,,,,,,,,,,,,,,98536010
435,2025-10-28T22:00:00,4.61,104,111,A_C1_1,Good quality: based on automatic validation - Sensor 1 - 111,"rgba(0, 128, 0, 1.0)",,,,,,,,,,,,,,,,,,,,,,,,98536010
436,2025-10-28T22:05:00,4.58,104,111,A_C1_1,Good quality: based on automatic validation - Sensor 1 - 111,"rgba(0, 128, 0, 1.0)",,,,,,,,,,,,,,,,,,,,,,,,98536010
437,2025-10-28T22:10:00,4.6,104,111,A_C1_1,Good quality: based on automatic validation - Sensor 1 - 111,"rgba(0, 128, 0, 1.0)",,,,,,,,,,,,,,,,,,,,,,,,98536010
438,2025-10-28T22:15:00,4.59,104,111,A_C1_1,Good quality: based on automatic validation - Sensor 1 - 111,"rgba(0, 128, 0, 1.0)",,,,,,,,,,,,,,,,,,,,,,,,98536010
439,2025-10-28T22:20:00,4.6,104,111,A_C1_1,Good quality: based on automatic validation - Sensor 1 - 111,"rgba(0, 128, 0, 1.0)",,,,,,,,,,,,,,,,,,,,,,,,98536010
440,2025-10-28T22:25:00,4.58,104,111,A_C1_1,Good quality: based on automatic validation - Sensor 1 - 111,"rgba(0, 128, 0, 1.0)",,,,,,,,,,,,,,,,,,,,,,,,98536010
441,2025-10-28T22:30:00,4.6,104,111,A_C1_1,Good quality: based on automatic validation - Sensor 1 - 111,"rgba(0, 128, 0, 1.0)",,,,,,,,,,,,,,,,,,,,,,,,98536010
442,2025-10-28T22:35:00,4.6,104,111,A_C1_1,Good quality: based on automatic validation - Sensor 1 - 111,"rgba(0, 128, 0, 1.0)",,,,,,,,,,,,,,,,,,,,,,,,98536010
443,2025-10-28T22:40:00,4.59,104,111,A_C1_1,Good quality: based on automatic validation - Sensor 1 - 111,"rgba(0, 128, 0, 1.0)",,,,,,,,,,,,,,,,,,,,,,,,98536010
444,2025-10-28T22:45:00,4.6,104,111,A_C1_1,Good quality: based on automatic validation - Sensor 1 - 111,"rgba(0, 128, 0, 1.0)",,,,,,,,,,,,,,,,,,,,,,,,98536010
445,2025-10-28T22:50:00,4.61,104,111,A_C1_1,Good quality: based on automatic validation - Sensor 1 - 111,"rgba(0, 128, 0, 1.0)",,,,,,,,,,,,,,,,,,,,,,,,98536010
446,2025-10-28T22:55:00,4.56,104,111,A_C1_1,Good quality: based on automatic validation - Sensor 1 - 111,"rgba(0, 128, 0, 1.0)",,,,,,,,,,,,,,,,,,,,,,,,98536010
447,2025-10-28T23:00:00,4.56,104,111,A_C1_1,Good quality: based on automatic validation - Sensor 1 - 111,"rgba(0, 128, 0, 1.0)",,,,,,,,,,,,,,,,,,,,,,,,98536010
448,2025-10-28T23:05:00,4.55,104,111,A_C1_1,Good quality: based on automatic validation - Sensor 1 - 111,"rgba(0, 128, 0, 1.0)",,,,,,,,,,,,,,,,,,,,,,,,98536010
449,2025-10-28T23:10:00,4.55,104,111,A_C1_1,Good quality: based on automatic validation - Sensor 1 - 111,"rgba(0, 128, 0, 1.0)",,,,,,,,,,,,,,,,,,,,,,,,98536010
450,2025-10-28T23:15:00,4.55,104,111,A_C1_1,Good quality: based on automatic validation - Sensor 1 - 111,"rgba(0, 128, 0, 1.0)",,,,,,,,,,,,,,,,,,,,,,,,98536010
451,2025-10-28T23:20:00,4.56,104,111,A_C1_1,Good quality: based on automatic validation - Sensor 1 - 111,"rgba(0, 128, 0, 1.0)",,,,,,,,,,,,,,,,,,,,,,,,98536010
452,2025-10-28T23:25:00,4.54,104,111,A_C1_1,Good quality: based on automatic validation - Sensor 1 - 111,"rgba(0, 128, 0, 1.0)",,,,,,,,,,,,,,,,,,,,,,,,98536010
453,2025-10-28T23:30:00,4.51,104,111,A_C1_1,Good quality: based on automatic validation - Sensor 1 - 111,"rgba(0, 128, 0, 1.0)",,,,,,,,,,,,,,,,,,,,,,,,98536010
454,2025-10-28T23:35:00,4.54,104,111,A_C1_1,Good quality: based on automatic validation - Sensor 1 - 111,"rgba(0, 128, 0, 1.0)",,,,,,,,,,,,,,,,,,,,,,,,98536010
455,2025-10-28T23:40:00,4.53,104,111,A_C1_1,Good quality: based on automatic validation - Sensor 1 - 111,"rgba(0, 128, 0, 1.0)",,,,,,,,,,,,,,,,,,,,,,,,98536010
456,2025-10-28T23:45:00,4.52,104,111,A_C1_1,Good quality: based on automatic validation - Sensor 1 - 111,"rgba(0, 128, 0, 1.0)",,,,,,,,,,,,,,,,,,,,,,,,98536010
457,2025-10-28T23:50:00,4.53,104,111,A_C1_1,Good quality: based on automatic validation - Sensor 1 - 111,"rgba(0, 128, 0, 1.0)",,,,,,,,,,,,,,,,,,,,,,,,98536010
458,2025-10-28T23:55:00,4.57,104,111,A_C1_1,Good quality: based on automatic validation - Sensor 1 - 111,"rgba(0, 128, 0, 1.0)",,,,,,,,,,,,,,,,,,,,,,,,98536010
459,2025-10-29T00:00:00,4.55,104,111,A_C1_1,Good quality: based on automatic validation - Sensor 1 - 111,"rgba(0, 128, 0, 1.0)",,,,,,,,,,,,,,,,,,,,,,,,98536010
460,2025-10-29T00:05:00,4.57,104,111,A_C1_1,Good quality: based on automatic validation - Sensor 1 - 111,"rgba(0, 128, 0, 1.0)",,,,,,,,,,,,,,,,,,,,,,,,98536010
461,2025-10-29T00:10:00,4.58,104,111,A_C1_1,Good quality: based on automatic validation - Sensor 1 - 111,"rgba(0, 128, 0, 1.0)",,,,,,,,,,,,,,,,,,,,,,,,98536010
462,2025-10-29T00:15:00,4.58,104,111,A_C1_1,Good quality: based on automatic validation - Sensor 1 - 111,"rgba(0, 128, 0, 1.0)",,,,,,,,,,,,,,,,,,,,,,,,98536010
463,2025-10-29T00:20:00,4.55,104,111,A_C1_1,Good quality: based on automatic validation - Sensor 1 - 111,"rgba(0, 128, 0, 1.0)",,,,,,,,,,,,,,,,,,,,,,,,98536010
464,2025-10-29T00:25:00,4.57,104,111,A_C1_1,Good quality: based on automatic validation - Sensor 1 - 111,"rgba(0, 128, 0, 1.0)",,,,,,,,,,,,,,,,,,,,,,,,98536010
465,2025-10-29T00:30:00,4.56,104,111,A_C1_1,Good quality: based on automatic validation - Sensor 1 - 111,"rgba(0, 128, 0, 1.0)",,,,,,,,,,,,,,,,,,,,,,,,98536010
466,2025-10-29T00:35:00,4.57,104,111,A_C1_1,Good quality: based on automatic validation - Sensor 1 - 111,"rgba(0, 128, 0, 1.0)",,,,,,,,,,,,,,,,,,,,,,,,98536010
467,2025-10-29T00:40:00,4.55,104,111,A_C1_1,Good quality: based on automatic validation - Sensor 1 - 111,"rgba(0, 128, 0, 1.0)",,,,,,,,,,,,,,,,,,,,,,,,98536010
468,2025-10-29T00:45:00,4.57,104,111,A_C1_1,Good quality: based on automatic validation - Sensor 1 - 111,"rgba(0, 128, 0, 1.0)",,,,,,,,,,,,,,,,,,,,,,,,98536010
469,2025-10-29T00:50:00,4.54,104,111,A_C1_1,Good quality: based on automatic validation - Sensor 1 - 111,"rgba(0, 128, 0, 1.0)",,,,,,,,,,,,,,,,,,,,,,,,98536010
470,2025-10-29T00:55:00,4.54,104,111,A_C1_1,Good quality: based on automatic validation - Sensor 1 - 111,"rgba(0, 128, 0, 1.0)",,,,,,,,,,,,,,,,,,,,,,,,98536010
471,2025-10-29T01:00:00,4.55,104,111,A_C1_1,Good quality: based on automatic validation - Sensor 1 - 111,"rgba(0, 128, 0, 1.0)",,,,,,,,,,,,,,,,,,,,,,,,98536010
472,2025-10-29T01:05:00,4.54,104,111,A_C1_1,Good quality: based on automatic validation - Sensor 1 - 111,"rgba(0, 128, 0, 1.0)",,,,,,,,,,,,,,,,,,,,,,,,98536010
473,2025-10-29T01:10:00,4.53,104,111,A_C1_1,Good quality: based on automatic validation - Sensor 1 - 111,"rgba(0, 128, 0, 1.0)",,,,,,,,,,,,,,,,,,,,,,,,98536010
474,2025-10-29T01:15:00,4.54,104,111,A_C1_1,Good quality: based on automatic validation - Sensor 1 - 111,"rgba(0, 128, 0, 1.0)",,,,,,,,,,,,,,,,,,,,,,,,98536010
475,2025-10-29T01:20:00,4.55,104,111,A_C1_1,Good quality: based on automatic validation - Sensor 1 - 111,"rgba(0, 128, 0, 1.0)",,,,,,,,,,,,,,,,,,,,,,,,98536010
476,2025-10-29T01:25:00,4.56,104,111,A_C1_1,Good quality: based on automatic validation - Sensor 1 - 111,"rgba(0, 128, 0, 1.0)",,,,,,,,,,,,,,,,,,,,,,,,98536010
477,2025-10-29T01:30:00,4.57,104,111,A_C1_1,Good quality: based on automatic validation - Sensor 1 - 111,"rgba(0, 128, 0, 1.0)",,,,,,,,,,,,,,,,,,,,,,,,98536010
478,2025-10-29T01:35:00,4.56,104,111,A_C1_1,Good quality: based on automatic validation - Sensor 1 - 111,"rgba(0, 128, 0, 1.0)",,,,,,,,,,,,,,,,,,,,,,,,98536010
479,2025-10-29T01:40:00,4.56,104,111,A_C1_1,Good quality: based on automatic validation - Sensor 1 - 111,"rgba(0, 128, 0, 1.0)",,,,,,,,,,,,,,,,,,,,,,,,98536010
480,2025-10-29T01:45:00,4.55,104,111,A_C1_1,Good quality: based on automatic validation - Sensor 1 - 111,"rgba(0, 128, 0, 1.0)",,,,,,,,,,,,,,,,,,,,,,,,98536010
481,2025-10-29T01:50:00,4.56,104,111,A_C1_1,Good quality: based on automatic validation - Sensor 1 - 111,"rgba(0, 128, 0, 1.0)",,,,,,,,,,,,,,,,,,,,,,,,98536010
482,2025-10-29T01:55:00,4.53,104,111,A_C1_1,Good quality: based on automatic validation - Sensor 1 - 111,"rgba(0, 128, 0, 1.0)",,,,,,,,,,,,,,,,,,,,,,,,98536010
483,2025-10-29T02:00:00,4.53,104,111,A_C1_1,Good quality: based on automatic validation - Sensor 1 - 111,"rgba(0, 128, 0, 1.0)",,,,,,,,,,,,,,,,,,,,,,,,98536010
484,2025-10-29T02:05:00,4.52,104,111,A_C1_1,Good quality: based on automatic validation - Sensor 1 - 111,"rgba(0, 128, 0, 1.0)",,,,,,,,,,,,,,,,,,,,,,,,98536010
485,2025-10-29T02:10:00,4.54,104,111,A_C1_1,Good quality: based on automatic validation - Sensor 1 - 111,"rgba(0, 128, 0, 1.0)",,,,,,,,,,,,,,,,,,,,,,,,98536010
486,2025-10-29T02:15:00,4.53,104,111,A_C1_1,Good quality: based on automatic validation - Sensor 1 - 111,"rgba(0, 128, 0, 1.0)",,,,,,,,,,,,,,,,,,,,,,,,98536010
487,2025-10-29T02:20:00,4.55,104,111,A_C1_1,Good quality: based on automatic validation - Sensor 1 - 111,"rgba(0, 128, 0, 1.0)",,,,,,,,,,,,,,,,,,,,,,,,98536010
488,2025-10-29T02:25:00,4.54,104,111,A_C1_1,Good quality: based on automatic validation - Sensor 1 - 111,"rgba(0, 128, 0, 1.0)",,,,,,,,,,,,,,,,,,,,,,,,98536010
489,2025-10-29T02:30:00,4.55,104,111,A_C1_1,Good quality: based on automatic validation - Sensor 1 - 111,"rgba(0, 128, 0, 1.0)",,,,,,,,,,,,,,,,,,,,,,,,98536010
490,2025-10-29T02:35:00,4.54,104,111,A_C1_1,Good quality: based on automatic validation - Sensor 1 - 111,"rgba(0, 128, 0, 1.0)",,,,,,,,,,,,,,,,,,,,,,,,98536010
491,2025-10-29T02:40:00,4.56,104,111,A_C1_1,Good quality: based on automatic validation - Sensor 1 - 111,"rgba(0, 128, 0, 1.0)",,,,,,,,,,,,,,,,,,,,,,,,98536010
492,2025-10-29T02:45:00,4.56,104,111,A_C1_1,Good quality: based on automatic validation - Sensor 1 - 111,"rgba(0, 128, 0, 1.0)",,,,,,,,,,,,,,,,,,,,,,,,98536010
493,2025-10-29T02:50:00,4.57,104,111,A_C1_1,Good quality: based on automatic validation - Sensor 1 - 111,"rgba(0, 128, 0, 1.0)",,,,,,,,,,,,,,,,,,,,,,,,98536010
494,2025-10-29T02:55:00,4.56,104,111,A_C1_1,Good quality: based on automatic validation - Sensor 1 - 111,"rgba(0, 128, 0, 1.0)",,,,,,,,,,,,,,,,,,,,,,,,98536010
495,2025-10-29T03:00:00,4.55,104,111,A_C1_1,Good quality: based on automatic validation - Sensor 1 - 111,"rgba(0, 128, 0, 1.0)",,,,,,,,,,,,,,,,,,,,,,,,98536010
496,2025-10-29T03:05:00,4.55,104,111,A_C1_1,Good quality: based on automatic validation - Sensor 1 - 111,"rgba(0, 128, 0, 1.0)",,,,,,,,,,,,,,,,,,,,,,,,98536010
497,2025-10-29T03:10:00,4.55,104,111,A_C1_1,Good quality: based on automatic validation - Sensor 1 - 111,"rgba(0, 128, 0, 1.0)",,,,,,,,,,,,,,,,,,,,,,,,98536010
498,2025-10-29T03:15:00,4.55,104,111,A_C1_1,Good quality: based on automatic validation - Sensor 1 - 111,"rgba(0, 128, 0, 1.0)",,,,,,,,,,,,,,,,,,,,,,,,98536010
499,2025-10-29T03:20:00,4.54,104,111,A_C1_1,Good quality: based on automatic validation - Sensor 1 - 111,"rgba(0, 128, 0, 1.0)",,,,,,,,,,,,,,,,,,,,,,,,98536010
500,2025-10-29T03:25:00,4.54,104,111,A_C1_1,Good quality: based on automatic validation - Sensor 1 - 111,"rgba(0, 128, 0, 1.0)",,,,,,,,,,,,,,,,,,,,,,,,98536010
501,2025-10-29T03:30:00,4.54,104,111,A_C1_1,Good quality: based on automatic validation - Sensor 1 - 111,"rgba(0, 128, 0, 1.0)",,,,,,,,,,,,,,,,,,,,,,,,98536010
502,2025-10-29T03:35:00,4.53,104,111,A_C1_1,Good quality: based on automatic validation - Sensor 1 - 111,"rgba(0, 128, 0, 1.0)",,,,,,,,,,,,,,,,,,,,,,,,98536010
503,2025-10-29T03:40:00,4.54,104,111,A_C1_1,Good quality: based on automatic validation - Sensor 1 - 111,"rgba(0, 128, 0, 1.0)",,,,,,,,,,,,,,,,,,,,,,,,98536010
504,2025-10-29T03:45:00,4.56,104,111,A_C1_1,Good quality: based on automatic validation - Sensor 1 - 111,"rgba(0, 128, 0, 1.0)",,,,,,,,,,,,,,,,,,,,,,,,98536010
505,2025-10-29T03:50:00,4.55,104,111,A_C1_1,Good quality: based on automatic validation - Sensor 1 - 111,"rgba(0, 128, 0, 1.0)",,,,,,,,,,,,,,,,,,,,,,,,98536010
506,2025-10-29T03:55:00,4.54,104,111,A_C1_1,Good quality: based on automatic validation - Sensor 1 - 111,"rgba(0, 128, 0, 1.0)",,,,,,,,,,,,,,,,,,,,,,,,98536010
507,2025-10-29T04:00:00,4.54,104,111,A_C1_1,Good quality: based on automatic validation - Sensor 1 - 111,"rgba(0, 128, 0, 1.0)",,,,,,,,,,,,,,,,,,,,,,,,98536010
508,2025-10-29T04:05:00,4.55,104,111,A_C1_1,Good quality: based on automatic validation - Sensor 1 - 111,"rgba(0, 128, 0, 1.0)",,,,,,,,,,,,,,,,,,,,,,,,98536010
509,2025-10-29T04:10:00,4.54,104,111,A_C1_1,Good quality: based on automatic validation - Sensor 1 - 111,"rgba(0, 128, 0, 1.0)",,,,,,,,,,,,,,,,,,,,,,,,98536010
510,2025-10-29T04:15:00,4.56,104,111,A_C1_1,Good quality: based on automatic validation - Sensor 1 - 111,"rgba(0, 128, 0, 1.0)",,,,,,,,,,,,,,,,,,,,,,,,98536010
511,2025-10-29T04:20:00,4.57,104,111,A_C1_1,Good quality: based on automatic validation - Sensor 1 - 111,"rgba(0, 128, 0, 1.0)",,,,,,,,,,,,,,,,,,,,,,,,98536010
512,2025-10-29T04:25:00,4.56,104,111,A_C1_1,Good quality: based on automatic validation - Sensor 1 - 111,"rgba(0, 128, 0, 1.0)",,,,,,,,,,,,,,,,,,,,,,,,98536010
513,2025-10-29T04:30:00,4.55,104,111,A_C1_1,Good quality: based on automatic validation - Sensor 1 - 111,"rgba(0, 128, 0, 1.0)",,,,,,,,,,,,,,,,,,,,,,,,98536010
514,2025-10-29T04:35:00,4.54,104,111,A_C1_1,Good quality: based on automatic validation - Sensor 1 - 111,"rgba(0, 128, 0, 1.0)",,,,,,,,,,,,,,,,,,,,,,,,98536010
515,2025-10-29T04:40:00,4.55,104,111,A_C1_1,Good quality: based on automatic validation - Sensor 1 - 111,"rgba(0, 128, 0, 1.0)",,,,,,,,,,,,,,,,,,,,,,,,98536010
516,2025-10-29T04:45:00,4.55,104,111,A_C1_1,Good quality: based on automatic validation - Sensor 1 - 111,"rgba(0, 128, 0, 1.0)",,,,,,,,,,,,,,,,,,,,,,,,98536010
517,2025-10-29T04:50:00,4.56,104,111,A_C1_1,Good quality: based on automatic validation - Sensor 1 - 111,"rgba(0, 128, 0, 1.0)",,,,,,,,,,,,,,,,,,,,,,,,98536010
518,2025-10-29T04:55:00,4.55,104,111,A_C1_1,Good quality: based on automatic validation - Sensor 1 - 111,"rgba(0, 128, 0, 1.0)",,,,,,,,,,,,,,,,,,,,,,,,98536010
519,2025-10-29T05:00:00,4.53,104,111,A_C1_1,Good quality: based on automatic validation - Sensor 1 - 111,"rgba(0, 128, 0, 1.0)",,,,,,,,,,,,,,,,,,,,,,,,98536010
520,2025-10-29T05:05:00,4.55,104,111,A_C1_1,Good quality: based on automatic validation - Sensor 1 - 111,"rgba(0, 128, 0, 1.0)",,,,,,,,,,,,,,,,,,,,,,,,98536010
521,2025-10-29T05:10:00,4.57,104,111,A_C1_1,Good quality: based on automatic validation - Sensor 1 - 111,"rgba(0, 128, 0, 1.0)",,,,,,,,,,,,,,,,,,,,,,,,98536010
522,2025-10-29T05:15:00,4.55,104,111,A_C1_1,Good quality: based on automatic validation - Sensor 1 - 111,"rgba(0, 128, 0, 1.0)",,,,,,,,,,,,,,,,,,,,,,,,98536010
523,2025-10-29T05:20:00,4.57,104,111,A_C1_1,Good quality: based on automatic validation - Sensor 1 - 111,"rgba(0, 128, 0, 1.0)",,,,,,,,,,,,,,,,,,,,,,,,98536010
524,2025-10-29T05:25:00,4.57,104,111,A_C1_1,Good quality: based on automatic validation - Sensor 1 - 111,"rgba(0, 128, 0, 1.0)",,,,,,,,,,,,,,,,,,,,,,,,98536010
525,2025-10-29T05:30:00,4.54,104,111,A_C1_1,Good quality: based on automatic validation - Sensor 1 - 111,"rgba(0, 128, 0, 1.0)",,,,,,,,,,,,,,,,,,,,,,,,98536010
526,2025-10-29T05:35:00,4.55,104,111,A_C1_1,Good quality: based on automatic validation - Sensor 1 - 111,"rgba(0, 128, 0, 1.0)",,,,,,,,,,,,,,,,,,,,,,,,98536010
527,2025-10-29T05:40:00,4.56,104,111,A_C1_1,Good quality: based on automatic validation - Sensor 1 - 111,"rgba(0, 128, 0, 1.0)",,,,,,,,,,,,,,,,,,,,,,,,98536010
528,2025-10-29T05:45:00,4.56,104,111,A_C1_1,Good quality: based on automatic validation - Sensor 1 - 111,"rgba(0, 128, 0, 1.0)",,,,,,,,,,,,,,,,,,,,,,,,98536010
529,2025-10-29T05:50:00,4.55,104,111,A_C1_1,Good quality: based on automatic validation - Sensor 1 - 111,"rgba(0, 128, 0, 1.0)",,,,,,,,,,,,,,,,,,,,,,,,98536010
530,2025-10-29T05:55:00,4.56,104,111,A_C1_1,Good quality: based on automatic validation - Sensor 1 - 111,"rgba(0, 128, 0, 1.0)",,,,,,,,,,,,,,,,,,,,,,,,98536010
531,2025-10-29T06:00:00,4.53,104,111,A_C1_1,Good quality: based on automatic validation - Sensor 1 - 111,"rgba(0, 128, 0, 1.0)",,,,,,,,,,,,,,,,,,,,,,,,98536010
532,2025-10-29T06:05:00,4.56,104,111,A_C1_1,Good quality: based on automatic validation - Sensor 1 - 111,"rgba(0, 128, 0, 1.0)",,,,,,,,,,,,,,,,,,,,,,,,98536010
533,2025-10-29T06:10:00,4.54,104,111,A_C1_1,Good quality: based on automatic validation - Sensor 1 - 111,"rgba(0, 128, 0, 1.0)",,,,,,,,,,,,,,,,,,,,,,,,98536010
534,2025-10-29T06:15:00,4.56,104,111,A_C1_1,Good quality: based on automatic validation - Sensor 1 - 111,"rgba(0, 128, 0, 1.0)",,,,,,,,,,,,,,,,,,,,,,,,98536010
535,2025-10-29T06:20:00,4.56,104,111,A_C1_1,Good quality: based on automatic validation - Sensor 1 - 111,"rgba(0, 128, 0, 1.0)",,,,,,,,,,,,,,,,,,,,,,,,98536010
536,2025-10-29T06:25:00,4.56,104,111,A_C1_1,Good quality: based on automatic validation - Sensor 1 - 111,"rgba(0, 128, 0, 1.0)",,,,,,,,,,,,,,,,,,,,,,,,98536010
537,2025-10-29T06:30:00,4.54,104,111,A_C1_1,Good quality: based on automatic validation - Sensor 1 - 111,"rgba(0, 128, 0, 1.0)",,,,,,,,,,,,,,,,,,,,,,,,98536010
538,2025-10-29T06:35:00,4.55,104,111,A_C1_1,Good quality: based on automatic validation - Sensor 1 - 111,"rgba(0, 128, 0, 1.0)",,,,,,,,,,,,,,,,,,,,,,,,98536010
539,2025-10-29T06:40:00,4.55,104,111,A_C1_1,Good quality: based on automatic validation - Sensor 1 - 111,"rgba(0, 128, 0, 1.0)",,,,,,,,,,,,,,,,,,,,,,,,98536010
540,2025-10-29T06:45:00,4.57,104,111,A_C1_1,Good quality: based on automatic validation - Sensor 1 - 111,"rgba(0, 128, 0, 1.0)",,,,,,,,,,,,,,,,,,,,,,,,98536010
541,2025-10-29T06:50:00,4.55,104,111,A_C1_1,Good quality: based on automatic validation - Sensor 1 - 111,"rgba(0, 128, 0, 1.0)",,,,,,,,,,,,,,,,,,,,,,,,98536010
542,2025-10-29T06:55:00,4.56,104,111,A_C1_1,Good quality: based on automatic validation - Sensor 1 - 111,"rgba(0, 128, 0, 1.0)",,,,,,,,,,,,,,,,,,,,,,,,98536010
543,2025-10-29T07:00:00,4.55,104,111,A_C1_1,Good quality: based on automatic validation - Sensor 1 - 111,"rgba(0, 128, 0, 1.0)",,,,,,,,,,,,,,,,,,,,,,,,98536010
544,2025-10-29T07:05:00,4.56,104,111,A_C1_1,Good quality: based on automatic validation - Sensor 1 - 111,"rgba(0, 128, 0, 1.0)",,,,,,,,,,,,,,,,,,,,,,,,98536010
545,2025-10-29T07:10:00,4.56,104,111,A_C1_1,Good quality: based on automatic validation - Sensor 1 - 111,"rgba(0, 128, 0, 1.0)",,,,,,,,,,,,,,,,,,,,,,,,98536010
546,2025-10-29T07:15:00,4.56,104,111,A_C1_1,Good quality: based on automatic validation - Sensor 1 - 111,"rgba(0, 128, 0, 1.0)",,,,,,,,,,,,,,,,,,,,,,,,98536010
547,2025-10-29T07:20:00,4.57,104,111,A_C1_1,Good quality: based on automatic validation - Sensor 1 - 111,"rgba(0, 128, 0, 1.0)",,,,,,,,,,,,,,,,,,,,,,,,98536010
548,2025-10-29T07:25:00,4.55,104,111,A_C1_1,Good quality: based on automatic validation - Sensor 1 - 111,"rgba(0, 128, 0, 1.0)",,,,,,,,,,,,,,,,,,,,,,,,98536010
549,2025-10-29T07:30:00,4.54,104,111,A_C1_1,Good quality: based on automatic validation - Sensor 1 - 111,"rgba(0, 128, 0, 1.0)",,,,,,,,,,,,,,,,,,,,,,,,98536010
550,2025-10-29T07:35:00,4.55,104,111,A_C1_1,Good quality: based on automatic validation - Sensor 1 - 111,"rgba(0, 128, 0, 1.0)",,,,,,,,,,,,,,,,,,,,,,,,98536010
551,2025-10-29T07:40:00,4.56,104,111,A_C1_1,Good quality: based on automatic validation - Sensor 1 - 111,"rgba(0, 128, 0, 1.0)",,,,,,,,,,,,,,,,,,,,,,,,98536010
552,2025-10-29T07:45:00,4.57,104,111,A_C1_1,Good quality: based on automatic validation - Sensor 1 - 111,"rgba(0, 128, 0, 1.0)",,,,,,,,,,,,,,,,,,,,,,,,98536010
553,2025-10-29T07:50:00,4.54,104,111,A_C1_1,Good quality: based on automatic validation - Sensor 1 - 111,"rgba(0, 128, 0, 1.0)",,,,,,,,,,,,,,,,,,,,,,,,98536010
554,2025-10-29T07:55:00,4.55,104,111,A_C1_1,Good quality: based on automatic validation - Sensor 1 - 111,"rgba(0, 128, 0, 1.0)",,,,,,,,,,,,,,,,,,,,,,,,98536010
555,2025-10-29T08:00:00,4.55,104,111,A_C1_1,Good quality: based on automatic validation - Sensor 1 - 111,"rgba(0, 128, 0, 1.0)",,,,,,,,,,,,,,,,,,,,,,,,98536010
556,2025-10-29T08:05:00,4.55,104,111,A_C1_1,Good quality: based on automatic validation - Sensor 1 - 111,"rgba(0, 128, 0, 1.0)",,,,,,,,,,,,,,,,,,,,,,,,98536010
557,2025-10-29T08:10:00,4.56,104,111,A_C1_1,Good quality: based on automatic validation - Sensor 1 - 111,"rgba(0, 128, 0, 1.0)",,,,,,,,,,,,,,,,,,,,,,,,98536010
558,2025-10-29T08:15:00,4.56,104,111,A_C1_1,Good quality: based on automatic validation - Sensor 1 - 111,"rgba(0, 128, 0, 1.0)",,,,,,,,,,,,,,,,,,,,,,,,98536010
559,2025-10-29T08:20:00,4.57,104,111,A_C1_1,Good quality: based on automatic validation - Sensor 1 - 111,"rgba(0, 128, 0, 1.0)",,,,,,,,,,,,,,,,,,,,,,,,98536010
560,2025-10-29T08:25:00,4.55,104,111,A_C1_1,Good quality: based on automatic validation - Sensor 1 - 111,"rgba(0, 128, 0, 1.0)",,,,,,,,,,,,,,,,,,,,,,,,98536010
561,2025-10-29T08:30:00,4.54,104,111,A_C1_1,Good quality: based on automatic validation - Sensor 1 - 111,"rgba(0, 128, 0, 1.0)",,,,,,,,,,,,,,,,,,,,,,,,98536010
562,2025-10-29T08:35:00,4.56,104,111,A_C1_1,Good quality: based on automatic validation - Sensor 1 - 111,"rgba(0, 128, 0, 1.0)",,,,,,,,,,,,,,,,,,,,,,,,98536010
563,2025-10-29T08:40:00,4.57,104,111,A_C1_1,Good quality: based on automatic validation - Sensor 1 - 111,"rgba(0, 128, 0, 1.0)",,,,,,,,,,,,,,,,,,,,,,,,98536010
564,2025-10-29T08:45:00,4.56,104,111,A_C1_1,Good quality: based on automatic validation - Sensor 1 - 111,"rgba(0, 128, 0, 1.0)",,,,,,,,,,,,,,,,,,,,,,,,98536010
565,2025-10-29T08:50:00,4.57,104,111,A_C1_1,Good quality: based on automatic validation - Sensor 1 - 111,"rgba(0, 128, 0, 1.0)",,,,,,,,,,,,,,,,,,,,,,,,98536010
566,2025-10-29T08:55:00,4.56,104,111,A_C1_1,Good quality: based on automatic validation - Sensor 1 - 111,"rgba(0, 128, 0, 1.0)",,,,,,,,,,,,,,,,,,,,,,,,98536010
567,2025-10-29T09:00:00,4.55,104,111,A_C1_1,Good quality: based on automatic validation - Sensor 1 - 111,"rgba(0, 128, 0, 1.0)",,,,,,,,,,,,,,,,,,,,,,,,98536010
568,2025-10-29T09:05:00,4.56,104,111,A_C1_1,Good quality: based on automatic validation - Sensor 1 - 111,"rgba(0, 128, 0, 1.0)",,,,,,,,,,,,,,,,,,,,,,,,98536010
569,2025-10-29T09:10:00,4.57,104,111,A_C1_1,Good quality: based on automatic validation - Sensor 1 - 111,"rgba(0, 128, 0, 1.0)",,,,,,,,,,,,,,,,,,,,,,,,98536010
570,2025-10-29T09:15:00,4.56,104,111,A_C1_1,Good quality: based on automatic validation - Sensor 1 - 111,"rgba(0, 128, 0, 1.0)",,,,,,,,,,,,,,,,,,,,,,,,98536010
571,2025-10-29T09:20:00,4.54,104,111,A_C1_1,Good quality: based on automatic validation - Sensor 1 - 111,"rgba(0, 128, 0, 1.0)",,,,,,,,,,,,,,,,,,,,,,,,98536010
572,2025-10-29T09:25:00,4.53,104,111,A_C1_1,Good quality: based on automatic validation - Sensor 1 - 111,"rgba(0, 128, 0, 1.0)",,,,,,,,,,,,,,,,,,,,,,,,98536010
573,2025-10-29T09:30:00,4.53,104,111,A_C1_1,Good quality: based on automatic validation - Sensor 1 - 111,"rgba(0, 128, 0, 1.0)",,,,,,,,,,,,,,,,,,,,,,,,98536010
574,2025-10-29T09:35:00,4.55,104,111,A_C1_1,Good quality: based on automatic validation - Sensor 1 - 111,"rgba(0, 128, 0, 1.0)",,,,,,,,,,,,,,,,,,,,,,,,98536010
